Run,Assay Type,AvgSpotLen,Bases,BioProject,BioSample,Bytes,cell_type,Center Name,Consent,DATASTORE filetype,DATASTORE provider,DATASTORE region,Experiment,GEO_Accession (exp),Instrument,LibraryLayout,LibrarySelection,LibrarySource,Organism,Platform,ReleaseDate,Sample Name,source_name,SRA Study
SRR1922583,RNA-Seq,202,993845656,PRJNA279003,SAMN03435939,593436130,endothelial cells,GEO,public,"fastq,sra","gs,ncbi,s3","gs.US,ncbi.public,s3.us-east-1",SRX962855,GSM1639559,Illumina HiSeq 2500,PAIRED,cDNA,TRANSCRIPTOMIC,Mus musculus,ILLUMINA,2016-05-19T00:00:00Z,GSM1639559,AGM,SRP056386
SRR1922584,RNA-Seq,202,597382074,PRJNA279003,SAMN03435942,357711933,endothelial cells,GEO,public,"fastq,sra","gs,ncbi,s3","gs.US,ncbi.public,s3.us-east-1",SRX962856,GSM1639560,Illumina HiSeq 2500,PAIRED,cDNA,TRANSCRIPTOMIC,Mus musculus,ILLUMINA,2016-05-19T00:00:00Z,GSM1639560,AGM,SRP056386
SRR1922585,RNA-Seq,202,600698510,PRJNA279003,SAMN03435935,360713856,endothelial cells,GEO,public,"fastq,sra","gs,ncbi,s3","gs.US,ncbi.public,s3.us-east-1",SRX962857,GSM1639561,Illumina HiSeq 2500,PAIRED,cDNA,TRANSCRIPTOMIC,Mus musculus,ILLUMINA,2016-05-19T00:00:00Z,GSM1639561,AGM,SRP056386
SRR1922586,RNA-Seq,202,1379588290,PRJNA279003,SAMN03435938,857328084,endothelial cells,GEO,public,"fastq,sra","gs,ncbi,s3","gs.US,ncbi.public,s3.us-east-1",SRX962858,GSM1639562,Illumina HiSeq 2500,PAIRED,cDNA,TRANSCRIPTOMIC,Mus musculus,ILLUMINA,2016-05-19T00:00:00Z,GSM1639562,AGM,SRP056386
SRR1922587,RNA-Seq,202,716255034,PRJNA279003,SAMN03435936,422103478,endothelial cells,GEO,public,"fastq,sra","gs,ncbi,s3","gs.US,ncbi.public,s3.us-east-1",SRX962859,GSM1639563,Illumina HiSeq 2500,PAIRED,cDNA,TRANSCRIPTOMIC,Mus musculus,ILLUMINA,2016-05-19T00:00:00Z,GSM1639563,AGM,SRP056386
SRR1922588,RNA-Seq,202,912882238,PRJNA279003,SAMN03435940,626595862,endothelial cells,GEO,public,"fastq,sra","gs,ncbi,s3","gs.US,ncbi.public,s3.us-east-1",SRX962860,GSM1639564,Illumina HiSeq 2000,PAIRED,cDNA,TRANSCRIPTOMIC,Mus musculus,ILLUMINA,2016-05-19T00:00:00Z,GSM1639564,AGM,SRP056386
SRR1922589,RNA-Seq,202,1102007566,PRJNA279003,SAMN03435941,761626501,endothelial cells,GEO,public,"fastq,sra","gs,ncbi,s3","gs.US,ncbi.public,s3.us-east-1",SRX962861,GSM1639565,Illumina HiSeq 2000,PAIRED,cDNA,TRANSCRIPTOMIC,Mus musculus,ILLUMINA,2016-05-19T00:00:00Z,GSM1639565,AGM,SRP056386
SRR1922590,RNA-Seq,202,752603722,PRJNA279003,SAMN03435933,525755888,endothelial cells,GEO,public,"fastq,sra","gs,ncbi,s3","gs.US,ncbi.public,s3.us-east-1",SRX962862,GSM1639566,Illumina HiSeq 2000,PAIRED,cDNA,TRANSCRIPTOMIC,Mus musculus,ILLUMINA,2016-05-19T00:00:00Z,GSM1639566,AGM,SRP056386
SRR1922591,RNA-Seq,202,742976806,PRJNA279003,SAMN03435944,518880166,endothelial cells,GEO,public,"fastq,sra","gs,ncbi,s3","gs.US,ncbi.public,s3.us-east-1",SRX962863,GSM1639567,Illumina HiSeq 2000,PAIRED,cDNA,TRANSCRIPTOMIC,Mus musculus,ILLUMINA,2016-05-19T00:00:00Z,GSM1639567,AGM,SRP056386
SRR1922592,RNA-Seq,202,1249550588,PRJNA279003,SAMN03435932,845198394,endothelial cells,GEO,public,"fastq,sra","gs,ncbi,s3","gs.US,ncbi.public,s3.us-east-1",SRX962864,GSM1639568,Illumina HiSeq 2000,PAIRED,cDNA,TRANSCRIPTOMIC,Mus musculus,ILLUMINA,2016-05-19T00:00:00Z,GSM1639568,AGM,SRP056386
SRR1922593,RNA-Seq,202,837909130,PRJNA279003,SAMN03435943,587048018,endothelial cells,GEO,public,"fastq,sra","gs,ncbi,s3","gs.US,ncbi.public,s3.us-east-1",SRX962865,GSM1639569,Illumina HiSeq 2000,PAIRED,cDNA,TRANSCRIPTOMIC,Mus musculus,ILLUMINA,2016-05-19T00:00:00Z,GSM1639569,AGM,SRP056386
SRR1922594,RNA-Seq,202,1096639618,PRJNA279003,SAMN03435937,757381996,endothelial cells,GEO,public,"fastq,sra","gs,ncbi,s3","gs.US,ncbi.public,s3.us-east-1",SRX962866,GSM1639570,Illumina HiSeq 2000,PAIRED,cDNA,TRANSCRIPTOMIC,Mus musculus,ILLUMINA,2016-05-19T00:00:00Z,GSM1639570,AGM,SRP056386
SRR1922595,RNA-Seq,202,930458258,PRJNA279003,SAMN03435934,646498736,endothelial cells,GEO,public,"fastq,sra","gs,ncbi,s3","gs.US,ncbi.public,s3.us-east-1",SRX962867,GSM1639571,Illumina HiSeq 2000,PAIRED,cDNA,TRANSCRIPTOMIC,Mus musculus,ILLUMINA,2016-05-19T00:00:00Z,GSM1639571,AGM,SRP056386
SRR1922596,RNA-Seq,202,1117770030,PRJNA279003,SAMN03435993,777095722,endothelial cells,GEO,public,"fastq,sra","gs,ncbi,s3","gs.US,ncbi.public,s3.us-east-1",SRX962868,GSM1639572,Illumina HiSeq 2000,PAIRED,cDNA,TRANSCRIPTOMIC,Mus musculus,ILLUMINA,2016-05-19T00:00:00Z,GSM1639572,AGM,SRP056386
SRR1922597,RNA-Seq,202,1133242220,PRJNA279003,SAMN03436023,783121190,endothelial cells,GEO,public,"fastq,sra","gs,ncbi,s3","gs.US,ncbi.public,s3.us-east-1",SRX962869,GSM1639573,Illumina HiSeq 2000,PAIRED,cDNA,TRANSCRIPTOMIC,Mus musculus,ILLUMINA,2016-05-19T00:00:00Z,GSM1639573,AGM,SRP056386
SRR1922598,RNA-Seq,202,952466360,PRJNA279003,SAMN03436012,663937107,endothelial cells,GEO,public,"fastq,sra","gs,ncbi,s3","gs.US,ncbi.public,s3.us-east-1",SRX962870,GSM1639574,Illumina HiSeq 2000,PAIRED,cDNA,TRANSCRIPTOMIC,Mus musculus,ILLUMINA,2016-05-19T00:00:00Z,GSM1639574,AGM,SRP056386
SRR1922599,RNA-Seq,202,1055732194,PRJNA279003,SAMN03435966,737711665,endothelial cells,GEO,public,"fastq,sra","gs,ncbi,s3","gs.US,ncbi.public,s3.us-east-1",SRX962871,GSM1639575,Illumina HiSeq 2000,PAIRED,cDNA,TRANSCRIPTOMIC,Mus musculus,ILLUMINA,2016-05-19T00:00:00Z,GSM1639575,AGM,SRP056386
SRR1922600,RNA-Seq,202,806523380,PRJNA279003,SAMN03435958,513585046,Type1 pre-HSCs,GEO,public,"fastq,sra","gs,ncbi,s3","gs.US,ncbi.public,s3.us-east-1",SRX962872,GSM1639576,Illumina HiSeq 2500,PAIRED,cDNA,TRANSCRIPTOMIC,Mus musculus,ILLUMINA,2016-05-19T00:00:00Z,GSM1639576,AGM,SRP056386
SRR1922601,RNA-Seq,202,978692020,PRJNA279003,SAMN03435986,615452719,Type1 pre-HSCs,GEO,public,"fastq,sra","gs,ncbi,s3","gs.US,ncbi.public,s3.us-east-1",SRX962873,GSM1639577,Illumina HiSeq 2500,PAIRED,cDNA,TRANSCRIPTOMIC,Mus musculus,ILLUMINA,2016-05-19T00:00:00Z,GSM1639577,AGM,SRP056386
SRR1922602,RNA-Seq,202,886620824,PRJNA279003,SAMN03435951,559181156,Type1 pre-HSCs,GEO,public,"fastq,sra","gs,ncbi,s3","gs.US,ncbi.public,s3.us-east-1",SRX962874,GSM1639578,Illumina HiSeq 2500,PAIRED,cDNA,TRANSCRIPTOMIC,Mus musculus,ILLUMINA,2016-05-19T00:00:00Z,GSM1639578,AGM,SRP056386
SRR1922603,RNA-Seq,202,802852838,PRJNA279003,SAMN03435949,509214940,Type1 pre-HSCs,GEO,public,"fastq,sra","gs,ncbi,s3","gs.US,ncbi.public,s3.us-east-1",SRX962875,GSM1639579,Illumina HiSeq 2500,PAIRED,cDNA,TRANSCRIPTOMIC,Mus musculus,ILLUMINA,2016-05-19T00:00:00Z,GSM1639579,AGM,SRP056386
SRR1922604,RNA-Seq,202,761477380,PRJNA279003,SAMN03436009,480008971,Type1 pre-HSCs,GEO,public,"fastq,sra","gs,ncbi,s3","gs.US,ncbi.public,s3.us-east-1",SRX962876,GSM1639580,Illumina HiSeq 2500,PAIRED,cDNA,TRANSCRIPTOMIC,Mus musculus,ILLUMINA,2016-05-19T00:00:00Z,GSM1639580,AGM,SRP056386
SRR1922605,RNA-Seq,202,667191860,PRJNA279003,SAMN03436015,408060991,Type1 pre-HSCs,GEO,public,"fastq,sra","gs,ncbi,s3","gs.US,ncbi.public,s3.us-east-1",SRX962877,GSM1639581,Illumina HiSeq 2500,PAIRED,cDNA,TRANSCRIPTOMIC,Mus musculus,ILLUMINA,2016-05-19T00:00:00Z,GSM1639581,AGM,SRP056386
SRR1922606,RNA-Seq,202,923529456,PRJNA279003,SAMN03435991,554656037,Type1 pre-HSCs,GEO,public,"fastq,sra","gs,ncbi,s3","gs.US,ncbi.public,s3.us-east-1",SRX962878,GSM1639582,Illumina HiSeq 2500,PAIRED,cDNA,TRANSCRIPTOMIC,Mus musculus,ILLUMINA,2016-05-19T00:00:00Z,GSM1639582,AGM,SRP056386
SRR1922607,RNA-Seq,202,827636824,PRJNA279003,SAMN03435983,506029066,Type1 pre-HSCs,GEO,public,"fastq,sra","gs,ncbi,s3","gs.US,ncbi.public,s3.us-east-1",SRX962879,GSM1639583,Illumina HiSeq 2500,PAIRED,cDNA,TRANSCRIPTOMIC,Mus musculus,ILLUMINA,2016-05-19T00:00:00Z,GSM1639583,AGM,SRP056386
SRR1922608,RNA-Seq,202,875071070,PRJNA279003,SAMN03435947,505898436,Type1 pre-HSCs,GEO,public,"fastq,sra","gs,ncbi,s3","gs.US,ncbi.public,s3.us-east-1",SRX962880,GSM1639584,Illumina HiSeq 2500,PAIRED,cDNA,TRANSCRIPTOMIC,Mus musculus,ILLUMINA,2016-05-19T00:00:00Z,GSM1639584,AGM,SRP056386
SRR1922609,RNA-Seq,202,795136236,PRJNA279003,SAMN03435984,476772790,Type1 pre-HSCs,GEO,public,"fastq,sra","gs,ncbi,s3","gs.US,ncbi.public,s3.us-east-1",SRX962881,GSM1639585,Illumina HiSeq 2500,PAIRED,cDNA,TRANSCRIPTOMIC,Mus musculus,ILLUMINA,2016-05-19T00:00:00Z,GSM1639585,AGM,SRP056386
SRR1922610,RNA-Seq,202,850345058,PRJNA279003,SAMN03435959,515997796,Type1 pre-HSCs,GEO,public,"fastq,sra","gs,ncbi,s3","gs.US,ncbi.public,s3.us-east-1",SRX962882,GSM1639586,Illumina HiSeq 2500,PAIRED,cDNA,TRANSCRIPTOMIC,Mus musculus,ILLUMINA,2016-05-19T00:00:00Z,GSM1639586,AGM,SRP056386
SRR1922611,RNA-Seq,202,645632804,PRJNA279003,SAMN03436001,379546837,Type1 pre-HSCs,GEO,public,"fastq,sra","gs,ncbi,s3","gs.US,ncbi.public,s3.us-east-1",SRX962883,GSM1639587,Illumina HiSeq 2500,PAIRED,cDNA,TRANSCRIPTOMIC,Mus musculus,ILLUMINA,2016-05-19T00:00:00Z,GSM1639587,AGM,SRP056386
SRR1922612,RNA-Seq,202,678654956,PRJNA279003,SAMN03436020,417118532,Type1 pre-HSCs,GEO,public,"fastq,sra","gs,ncbi,s3","gs.US,ncbi.public,s3.us-east-1",SRX962884,GSM1639588,Illumina HiSeq 2500,PAIRED,cDNA,TRANSCRIPTOMIC,Mus musculus,ILLUMINA,2016-05-19T00:00:00Z,GSM1639588,AGM,SRP056386
SRR1922613,RNA-Seq,202,903958282,PRJNA279003,SAMN03435948,544483294,Type1 pre-HSCs,GEO,public,"fastq,sra","gs,ncbi,s3","gs.US,ncbi.public,s3.us-east-1",SRX962885,GSM1639589,Illumina HiSeq 2500,PAIRED,cDNA,TRANSCRIPTOMIC,Mus musculus,ILLUMINA,2016-05-19T00:00:00Z,GSM1639589,AGM,SRP056386
SRR1922614,RNA-Seq,202,802649020,PRJNA279003,SAMN03436011,454185078,Type1 pre-HSCs,GEO,public,"fastq,sra","gs,ncbi,s3","gs.US,ncbi.public,s3.us-east-1",SRX962886,GSM1639590,Illumina HiSeq 2500,PAIRED,cDNA,TRANSCRIPTOMIC,Mus musculus,ILLUMINA,2016-05-19T00:00:00Z,GSM1639590,AGM,SRP056386
SRR1922615,RNA-Seq,202,797893536,PRJNA279003,SAMN03436013,482200326,Type1 pre-HSCs,GEO,public,"fastq,sra","gs,ncbi,s3","gs.US,ncbi.public,s3.us-east-1",SRX962887,GSM1639591,Illumina HiSeq 2500,PAIRED,cDNA,TRANSCRIPTOMIC,Mus musculus,ILLUMINA,2016-05-19T00:00:00Z,GSM1639591,AGM,SRP056386
SRR1922616,RNA-Seq,202,789849088,PRJNA279003,SAMN03435988,478891200,Type1 pre-HSCs,GEO,public,"fastq,sra","gs,ncbi,s3","gs.US,ncbi.public,s3.us-east-1",SRX962888,GSM1639592,Illumina HiSeq 2500,PAIRED,cDNA,TRANSCRIPTOMIC,Mus musculus,ILLUMINA,2016-05-19T00:00:00Z,GSM1639592,AGM,SRP056386
SRR1922617,RNA-Seq,202,788042400,PRJNA279003,SAMN03435974,470988688,Type1 pre-HSCs,GEO,public,"fastq,sra","gs,ncbi,s3","gs.US,ncbi.public,s3.us-east-1",SRX962889,GSM1639593,Illumina HiSeq 2500,PAIRED,cDNA,TRANSCRIPTOMIC,Mus musculus,ILLUMINA,2016-05-19T00:00:00Z,GSM1639593,AGM,SRP056386
SRR1922618,RNA-Seq,202,820546826,PRJNA279003,SAMN03435953,491866344,Type1 pre-HSCs,GEO,public,"fastq,sra","gs,ncbi,s3","gs.US,ncbi.public,s3.us-east-1",SRX962890,GSM1639594,Illumina HiSeq 2500,PAIRED,cDNA,TRANSCRIPTOMIC,Mus musculus,ILLUMINA,2016-05-19T00:00:00Z,GSM1639594,AGM,SRP056386
SRR1922619,RNA-Seq,202,893690420,PRJNA279003,SAMN03435987,534455808,Type1 pre-HSCs,GEO,public,"fastq,sra","gs,ncbi,s3","gs.US,ncbi.public,s3.us-east-1",SRX962891,GSM1639595,Illumina HiSeq 2500,PAIRED,cDNA,TRANSCRIPTOMIC,Mus musculus,ILLUMINA,2016-05-19T00:00:00Z,GSM1639595,AGM,SRP056386
SRR1922620,RNA-Seq,202,796570032,PRJNA279003,SAMN03435985,469933560,Type1 pre-HSCs,GEO,public,"fastq,sra","gs,ncbi,s3","gs.US,ncbi.public,s3.us-east-1",SRX962892,GSM1639596,Illumina HiSeq 2500,PAIRED,cDNA,TRANSCRIPTOMIC,Mus musculus,ILLUMINA,2016-05-19T00:00:00Z,GSM1639596,AGM,SRP056386
SRR1922621,RNA-Seq,202,785954326,PRJNA279003,SAMN03436007,478766586,Type1 pre-HSCs,GEO,public,"fastq,sra","gs,ncbi,s3","gs.US,ncbi.public,s3.us-east-1",SRX962893,GSM1639597,Illumina HiSeq 2500,PAIRED,cDNA,TRANSCRIPTOMIC,Mus musculus,ILLUMINA,2016-05-19T00:00:00Z,GSM1639597,AGM,SRP056386
SRR1922622,RNA-Seq,202,724987292,PRJNA279003,SAMN03436014,442273651,Type1 pre-HSCs,GEO,public,"fastq,sra","gs,ncbi,s3","gs.US,ncbi.public,s3.us-east-1",SRX962894,GSM1639598,Illumina HiSeq 2500,PAIRED,cDNA,TRANSCRIPTOMIC,Mus musculus,ILLUMINA,2016-05-19T00:00:00Z,GSM1639598,AGM,SRP056386
SRR1922623,RNA-Seq,202,682188946,PRJNA279003,SAMN03435981,415199642,Type1 pre-HSCs,GEO,public,"fastq,sra","gs,ncbi,s3","gs.US,ncbi.public,s3.us-east-1",SRX962895,GSM1639599,Illumina HiSeq 2500,PAIRED,cDNA,TRANSCRIPTOMIC,Mus musculus,ILLUMINA,2016-05-19T00:00:00Z,GSM1639599,AGM,SRP056386
SRR1922624,RNA-Seq,202,543303846,PRJNA279003,SAMN03435989,343636190,Type1 pre-HSCs,GEO,public,"fastq,sra","gs,ncbi,s3","gs.US,ncbi.public,s3.us-east-1",SRX962896,GSM1639600,Illumina HiSeq 2500,PAIRED,cDNA,TRANSCRIPTOMIC,Mus musculus,ILLUMINA,2016-05-19T00:00:00Z,GSM1639600,AGM,SRP056386
SRR1922625,RNA-Seq,202,762072674,PRJNA279003,SAMN03435960,476496833,Type1 pre-HSCs,GEO,public,"fastq,sra","gs,ncbi,s3","gs.US,ncbi.public,s3.us-east-1",SRX962897,GSM1639601,Illumina HiSeq 2500,PAIRED,cDNA,TRANSCRIPTOMIC,Mus musculus,ILLUMINA,2016-05-19T00:00:00Z,GSM1639601,AGM,SRP056386
SRR1922626,RNA-Seq,202,633698442,PRJNA279003,SAMN03435972,397877300,Type1 pre-HSCs,GEO,public,"fastq,sra","gs,ncbi,s3","gs.US,ncbi.public,s3.us-east-1",SRX962898,GSM1639602,Illumina HiSeq 2500,PAIRED,cDNA,TRANSCRIPTOMIC,Mus musculus,ILLUMINA,2016-05-19T00:00:00Z,GSM1639602,AGM,SRP056386
SRR1922627,RNA-Seq,202,594514482,PRJNA279003,SAMN03435976,375617799,Type1 pre-HSCs,GEO,public,"fastq,sra","gs,ncbi,s3","gs.US,ncbi.public,s3.us-east-1",SRX962899,GSM1639603,Illumina HiSeq 2500,PAIRED,cDNA,TRANSCRIPTOMIC,Mus musculus,ILLUMINA,2016-05-19T00:00:00Z,GSM1639603,AGM,SRP056386
SRR1922628,RNA-Seq,202,462433752,PRJNA279003,SAMN03435952,291885019,Type2 pre-HSCs,GEO,public,"fastq,sra","gs,ncbi,s3","gs.US,ncbi.public,s3.us-east-1",SRX962900,GSM1639604,Illumina HiSeq 2500,PAIRED,cDNA,TRANSCRIPTOMIC,Mus musculus,ILLUMINA,2016-05-19T00:00:00Z,GSM1639604,AGM,SRP056386
SRR1922629,RNA-Seq,202,459680694,PRJNA279003,SAMN03435952,290085607,Type2 pre-HSCs,GEO,public,"fastq,sra","gs,ncbi,s3","gs.US,ncbi.public,s3.us-east-1",SRX962900,GSM1639604,Illumina HiSeq 2500,PAIRED,cDNA,TRANSCRIPTOMIC,Mus musculus,ILLUMINA,2016-05-19T00:00:00Z,GSM1639604,AGM,SRP056386
SRR1922630,RNA-Seq,202,483756468,PRJNA279003,SAMN03435962,301597573,Type2 pre-HSCs,GEO,public,"fastq,sra","gs,ncbi,s3","gs.US,ncbi.public,s3.us-east-1",SRX962901,GSM1639605,Illumina HiSeq 2500,PAIRED,cDNA,TRANSCRIPTOMIC,Mus musculus,ILLUMINA,2016-05-19T00:00:00Z,GSM1639605,AGM,SRP056386
SRR1922631,RNA-Seq,202,480372160,PRJNA279003,SAMN03435962,299299991,Type2 pre-HSCs,GEO,public,"fastq,sra","gs,ncbi,s3","gs.US,ncbi.public,s3.us-east-1",SRX962901,GSM1639605,Illumina HiSeq 2500,PAIRED,cDNA,TRANSCRIPTOMIC,Mus musculus,ILLUMINA,2016-05-19T00:00:00Z,GSM1639605,AGM,SRP056386
SRR1922632,RNA-Seq,202,426865390,PRJNA279003,SAMN03435956,265402485,Type2 pre-HSCs,GEO,public,"fastq,sra","gs,ncbi,s3","gs.US,ncbi.public,s3.us-east-1",SRX962902,GSM1639606,Illumina HiSeq 2500,PAIRED,cDNA,TRANSCRIPTOMIC,Mus musculus,ILLUMINA,2016-05-19T00:00:00Z,GSM1639606,AGM,SRP056386
SRR1922633,RNA-Seq,202,431988716,PRJNA279003,SAMN03435956,268985452,Type2 pre-HSCs,GEO,public,"fastq,sra","gs,ncbi,s3","gs.US,ncbi.public,s3.us-east-1",SRX962902,GSM1639606,Illumina HiSeq 2500,PAIRED,cDNA,TRANSCRIPTOMIC,Mus musculus,ILLUMINA,2016-05-19T00:00:00Z,GSM1639606,AGM,SRP056386
SRR1922634,RNA-Seq,202,401052012,PRJNA279003,SAMN03436021,243756048,Type2 pre-HSCs,GEO,public,"fastq,sra","gs,ncbi,s3","gs.US,ncbi.public,s3.us-east-1",SRX962903,GSM1639607,Illumina HiSeq 2500,PAIRED,cDNA,TRANSCRIPTOMIC,Mus musculus,ILLUMINA,2016-05-19T00:00:00Z,GSM1639607,AGM,SRP056386
SRR1922635,RNA-Seq,202,405635392,PRJNA279003,SAMN03436021,246936407,Type2 pre-HSCs,GEO,public,"fastq,sra","gs,ncbi,s3","gs.US,ncbi.public,s3.us-east-1",SRX962903,GSM1639607,Illumina HiSeq 2500,PAIRED,cDNA,TRANSCRIPTOMIC,Mus musculus,ILLUMINA,2016-05-19T00:00:00Z,GSM1639607,AGM,SRP056386
SRR1922636,RNA-Seq,202,573915330,PRJNA279003,SAMN03435965,358213409,Type2 pre-HSCs,GEO,public,"fastq,sra","gs,ncbi,s3","gs.US,ncbi.public,s3.us-east-1",SRX962904,GSM1639608,Illumina HiSeq 2500,PAIRED,cDNA,TRANSCRIPTOMIC,Mus musculus,ILLUMINA,2016-05-19T00:00:00Z,GSM1639608,AGM,SRP056386
SRR1922637,RNA-Seq,202,580310448,PRJNA279003,SAMN03435965,362781071,Type2 pre-HSCs,GEO,public,"fastq,sra","gs,ncbi,s3","gs.US,ncbi.public,s3.us-east-1",SRX962904,GSM1639608,Illumina HiSeq 2500,PAIRED,cDNA,TRANSCRIPTOMIC,Mus musculus,ILLUMINA,2016-05-19T00:00:00Z,GSM1639608,AGM,SRP056386
SRR1922638,RNA-Seq,202,605727300,PRJNA279003,SAMN03435964,371853421,Type2 pre-HSCs,GEO,public,"fastq,sra","gs,ncbi,s3","gs.US,ncbi.public,s3.us-east-1",SRX962905,GSM1639609,Illumina HiSeq 2500,PAIRED,cDNA,TRANSCRIPTOMIC,Mus musculus,ILLUMINA,2016-05-19T00:00:00Z,GSM1639609,AGM,SRP056386
SRR1922639,RNA-Seq,202,611914560,PRJNA279003,SAMN03435964,376411063,Type2 pre-HSCs,GEO,public,"fastq,sra","gs,ncbi,s3","gs.US,ncbi.public,s3.us-east-1",SRX962905,GSM1639609,Illumina HiSeq 2500,PAIRED,cDNA,TRANSCRIPTOMIC,Mus musculus,ILLUMINA,2016-05-19T00:00:00Z,GSM1639609,AGM,SRP056386
SRR1922640,RNA-Seq,202,641598864,PRJNA279003,SAMN03435946,394336100,Type2 pre-HSCs,GEO,public,"fastq,sra","gs,ncbi,s3","gs.US,ncbi.public,s3.us-east-1",SRX962906,GSM1639610,Illumina HiSeq 2500,PAIRED,cDNA,TRANSCRIPTOMIC,Mus musculus,ILLUMINA,2016-05-19T00:00:00Z,GSM1639610,AGM,SRP056386
SRR1922641,RNA-Seq,202,964258514,PRJNA279003,SAMN03435971,593531353,Type2 pre-HSCs,GEO,public,"fastq,sra","gs,ncbi,s3","gs.US,ncbi.public,s3.us-east-1",SRX962907,GSM1639611,Illumina HiSeq 2500,PAIRED,cDNA,TRANSCRIPTOMIC,Mus musculus,ILLUMINA,2016-05-19T00:00:00Z,GSM1639611,AGM,SRP056386
SRR1922642,RNA-Seq,202,1021020716,PRJNA279003,SAMN03436004,618573660,Type2 pre-HSCs,GEO,public,"fastq,sra","gs,ncbi,s3","gs.US,ncbi.public,s3.us-east-1",SRX962908,GSM1639612,Illumina HiSeq 2500,PAIRED,cDNA,TRANSCRIPTOMIC,Mus musculus,ILLUMINA,2016-05-19T00:00:00Z,GSM1639612,AGM,SRP056386
SRR1922643,RNA-Seq,202,833127184,PRJNA279003,SAMN03435950,500180048,Type2 pre-HSCs,GEO,public,"fastq,sra","gs,ncbi,s3","gs.US,ncbi.public,s3.us-east-1",SRX962909,GSM1639613,Illumina HiSeq 2500,PAIRED,cDNA,TRANSCRIPTOMIC,Mus musculus,ILLUMINA,2016-05-19T00:00:00Z,GSM1639613,AGM,SRP056386
SRR1922644,RNA-Seq,202,935348678,PRJNA279003,SAMN03435979,567069951,Type2 pre-HSCs,GEO,public,"fastq,sra","gs,ncbi,s3","gs.US,ncbi.public,s3.us-east-1",SRX962910,GSM1639614,Illumina HiSeq 2500,PAIRED,cDNA,TRANSCRIPTOMIC,Mus musculus,ILLUMINA,2016-05-19T00:00:00Z,GSM1639614,AGM,SRP056386
SRR1922645,RNA-Seq,202,1002889398,PRJNA279003,SAMN03436008,611649696,Type2 pre-HSCs,GEO,public,"fastq,sra","gs,ncbi,s3","gs.US,ncbi.public,s3.us-east-1",SRX962911,GSM1639615,Illumina HiSeq 2500,PAIRED,cDNA,TRANSCRIPTOMIC,Mus musculus,ILLUMINA,2016-05-19T00:00:00Z,GSM1639615,AGM,SRP056386
SRR1922646,RNA-Seq,202,699323798,PRJNA279003,SAMN03435967,421223004,Type2 pre-HSCs,GEO,public,"fastq,sra","gs,ncbi,s3","gs.US,ncbi.public,s3.us-east-1",SRX962912,GSM1639616,Illumina HiSeq 2500,PAIRED,cDNA,TRANSCRIPTOMIC,Mus musculus,ILLUMINA,2016-05-19T00:00:00Z,GSM1639616,AGM,SRP056386
SRR1922647,RNA-Seq,202,911067268,PRJNA279003,SAMN03436005,559322167,Type2 pre-HSCs,GEO,public,"fastq,sra","gs,ncbi,s3","gs.US,ncbi.public,s3.us-east-1",SRX962913,GSM1639617,Illumina HiSeq 2500,PAIRED,cDNA,TRANSCRIPTOMIC,Mus musculus,ILLUMINA,2016-05-19T00:00:00Z,GSM1639617,AGM,SRP056386
SRR1922648,RNA-Seq,202,662384664,PRJNA279003,SAMN03435970,404663951,Type2 pre-HSCs,GEO,public,"fastq,sra","gs,ncbi,s3","gs.US,ncbi.public,s3.us-east-1",SRX962914,GSM1639618,Illumina HiSeq 2500,PAIRED,cDNA,TRANSCRIPTOMIC,Mus musculus,ILLUMINA,2016-05-19T00:00:00Z,GSM1639618,AGM,SRP056386
SRR1922649,RNA-Seq,202,733585422,PRJNA279003,SAMN03436006,444995913,Type2 pre-HSCs,GEO,public,"fastq,sra","gs,ncbi,s3","gs.US,ncbi.public,s3.us-east-1",SRX962915,GSM1639619,Illumina HiSeq 2500,PAIRED,cDNA,TRANSCRIPTOMIC,Mus musculus,ILLUMINA,2016-05-19T00:00:00Z,GSM1639619,AGM,SRP056386
SRR1922650,RNA-Seq,202,1032146674,PRJNA279003,SAMN03435969,650143799,Type2 pre-HSCs,GEO,public,"fastq,sra","gs,ncbi,s3","gs.US,ncbi.public,s3.us-east-1",SRX962916,GSM1639620,Illumina HiSeq 2500,PAIRED,cDNA,TRANSCRIPTOMIC,Mus musculus,ILLUMINA,2016-05-19T00:00:00Z,GSM1639620,AGM,SRP056386
SRR1922651,RNA-Seq,202,902512366,PRJNA279003,SAMN03436022,560206993,Type2 pre-HSCs,GEO,public,"fastq,sra","gs,ncbi,s3","gs.US,ncbi.public,s3.us-east-1",SRX962917,GSM1639621,Illumina HiSeq 2500,PAIRED,cDNA,TRANSCRIPTOMIC,Mus musculus,ILLUMINA,2016-05-19T00:00:00Z,GSM1639621,AGM,SRP056386
SRR1922652,RNA-Seq,202,940605728,PRJNA279003,SAMN03436016,589562612,Type2 pre-HSCs,GEO,public,"fastq,sra","gs,ncbi,s3","gs.US,ncbi.public,s3.us-east-1",SRX962918,GSM1639622,Illumina HiSeq 2500,PAIRED,cDNA,TRANSCRIPTOMIC,Mus musculus,ILLUMINA,2016-05-19T00:00:00Z,GSM1639622,AGM,SRP056386
SRR1922653,RNA-Seq,202,790721122,PRJNA279003,SAMN03435963,504888635,Type2 pre-HSCs,GEO,public,"fastq,sra","gs,ncbi,s3","gs.US,ncbi.public,s3.us-east-1",SRX962919,GSM1639623,Illumina HiSeq 2500,PAIRED,cDNA,TRANSCRIPTOMIC,Mus musculus,ILLUMINA,2016-05-19T00:00:00Z,GSM1639623,AGM,SRP056386
SRR1922654,RNA-Seq,202,971535362,PRJNA279003,SAMN03436019,611720926,Type2 pre-HSCs,GEO,public,"fastq,sra","gs,ncbi,s3","gs.US,ncbi.public,s3.us-east-1",SRX962920,GSM1639624,Illumina HiSeq 2500,PAIRED,cDNA,TRANSCRIPTOMIC,Mus musculus,ILLUMINA,2016-05-19T00:00:00Z,GSM1639624,AGM,SRP056386
SRR1922655,RNA-Seq,202,1308407732,PRJNA279003,SAMN03435977,817461856,Type2 pre-HSCs,GEO,public,"fastq,sra","gs,ncbi,s3","gs.US,ncbi.public,s3.us-east-1",SRX962921,GSM1639625,Illumina HiSeq 2500,PAIRED,cDNA,TRANSCRIPTOMIC,Mus musculus,ILLUMINA,2016-05-19T00:00:00Z,GSM1639625,AGM,SRP056386
SRR1922656,RNA-Seq,202,973581622,PRJNA279003,SAMN03435978,613441528,Type2 pre-HSCs,GEO,public,"fastq,sra","gs,ncbi,s3","gs.US,ncbi.public,s3.us-east-1",SRX962922,GSM1639626,Illumina HiSeq 2500,PAIRED,cDNA,TRANSCRIPTOMIC,Mus musculus,ILLUMINA,2016-05-19T00:00:00Z,GSM1639626,AGM,SRP056386
SRR1922657,RNA-Seq,202,662599188,PRJNA279003,SAMN03435957,418877672,Type2 pre-HSCs,GEO,public,"fastq,sra","gs,ncbi,s3","gs.US,ncbi.public,s3.us-east-1",SRX962923,GSM1639627,Illumina HiSeq 2500,PAIRED,cDNA,TRANSCRIPTOMIC,Mus musculus,ILLUMINA,2016-05-19T00:00:00Z,GSM1639627,AGM,SRP056386
SRR1922658,RNA-Seq,202,1046216378,PRJNA279003,SAMN03436010,633785920,Type2 pre-HSCs,GEO,public,"fastq,sra","gs,ncbi,s3","gs.US,ncbi.public,s3.us-east-1",SRX962924,GSM1639628,Illumina HiSeq 2500,PAIRED,cDNA,TRANSCRIPTOMIC,Mus musculus,ILLUMINA,2016-05-19T00:00:00Z,GSM1639628,AGM,SRP056386
SRR1922659,RNA-Seq,202,1317758110,PRJNA279003,SAMN03436024,818290840,Type2 pre-HSCs,GEO,public,"fastq,sra","gs,ncbi,s3","gs.US,ncbi.public,s3.us-east-1",SRX962925,GSM1639629,Illumina HiSeq 2500,PAIRED,cDNA,TRANSCRIPTOMIC,Mus musculus,ILLUMINA,2016-05-19T00:00:00Z,GSM1639629,AGM,SRP056386
SRR1922660,RNA-Seq,202,731929628,PRJNA279003,SAMN03435973,453583608,E12 HSCs,GEO,public,"fastq,sra","gs,ncbi,s3","gs.US,ncbi.public,s3.us-east-1",SRX962926,GSM1639630,Illumina HiSeq 2500,PAIRED,cDNA,TRANSCRIPTOMIC,Mus musculus,ILLUMINA,2016-05-19T00:00:00Z,GSM1639630,fetal liver (FL),SRP056386
SRR1922661,RNA-Seq,202,734605926,PRJNA279003,SAMN03435982,464911361,E12 HSCs,GEO,public,"fastq,sra","gs,ncbi,s3","gs.US,ncbi.public,s3.us-east-1",SRX962927,GSM1639631,Illumina HiSeq 2500,PAIRED,cDNA,TRANSCRIPTOMIC,Mus musculus,ILLUMINA,2016-05-19T00:00:00Z,GSM1639631,fetal liver (FL),SRP056386
SRR1922662,RNA-Seq,202,778270044,PRJNA279003,SAMN03435945,476896141,E12 HSCs,GEO,public,"fastq,sra","gs,ncbi,s3","gs.US,ncbi.public,s3.us-east-1",SRX962928,GSM1639632,Illumina HiSeq 2500,PAIRED,cDNA,TRANSCRIPTOMIC,Mus musculus,ILLUMINA,2016-05-19T00:00:00Z,GSM1639632,fetal liver (FL),SRP056386
SRR1922663,RNA-Seq,202,933989218,PRJNA279003,SAMN03435961,586618818,E12 HSCs,GEO,public,"fastq,sra","gs,ncbi,s3","gs.US,ncbi.public,s3.us-east-1",SRX962929,GSM1639633,Illumina HiSeq 2500,PAIRED,cDNA,TRANSCRIPTOMIC,Mus musculus,ILLUMINA,2016-05-19T00:00:00Z,GSM1639633,fetal liver (FL),SRP056386
SRR1922664,RNA-Seq,202,728870540,PRJNA279003,SAMN03436002,454522380,E12 HSCs,GEO,public,"fastq,sra","gs,ncbi,s3","gs.US,ncbi.public,s3.us-east-1",SRX962930,GSM1639634,Illumina HiSeq 2500,PAIRED,cDNA,TRANSCRIPTOMIC,Mus musculus,ILLUMINA,2016-05-19T00:00:00Z,GSM1639634,fetal liver (FL),SRP056386
SRR1922665,RNA-Seq,202,698003930,PRJNA279003,SAMN03435975,435657950,E12 HSCs,GEO,public,"fastq,sra","gs,ncbi,s3","gs.US,ncbi.public,s3.us-east-1",SRX962931,GSM1639635,Illumina HiSeq 2500,PAIRED,cDNA,TRANSCRIPTOMIC,Mus musculus,ILLUMINA,2016-05-19T00:00:00Z,GSM1639635,fetal liver (FL),SRP056386
SRR1922666,RNA-Seq,202,644179414,PRJNA279003,SAMN03436003,409517454,E12 HSCs,GEO,public,"fastq,sra","gs,ncbi,s3","gs.US,ncbi.public,s3.us-east-1",SRX962932,GSM1639636,Illumina HiSeq 2500,PAIRED,cDNA,TRANSCRIPTOMIC,Mus musculus,ILLUMINA,2016-05-19T00:00:00Z,GSM1639636,fetal liver (FL),SRP056386
SRR1922667,RNA-Seq,202,606075144,PRJNA279003,SAMN03435968,380584374,E12 HSCs,GEO,public,"fastq,sra","gs,ncbi,s3","gs.US,ncbi.public,s3.us-east-1",SRX962933,GSM1639637,Illumina HiSeq 2500,PAIRED,cDNA,TRANSCRIPTOMIC,Mus musculus,ILLUMINA,2016-05-19T00:00:00Z,GSM1639637,fetal liver (FL),SRP056386
SRR1922668,RNA-Seq,202,1020395728,PRJNA279003,SAMN03435990,629863064,E12 HSCs,GEO,public,"fastq,sra","gs,ncbi,s3","gs.US,ncbi.public,s3.us-east-1",SRX962934,GSM1639638,Illumina HiSeq 2500,PAIRED,cDNA,TRANSCRIPTOMIC,Mus musculus,ILLUMINA,2016-05-19T00:00:00Z,GSM1639638,fetal liver (FL),SRP056386
SRR1922669,RNA-Seq,202,885057950,PRJNA279003,SAMN03435992,553903085,E12 HSCs,GEO,public,"fastq,sra","gs,ncbi,s3","gs.US,ncbi.public,s3.us-east-1",SRX962935,GSM1639639,Illumina HiSeq 2500,PAIRED,cDNA,TRANSCRIPTOMIC,Mus musculus,ILLUMINA,2016-05-19T00:00:00Z,GSM1639639,fetal liver (FL),SRP056386
SRR1922670,RNA-Seq,202,507053734,PRJNA279003,SAMN03435980,326267786,E12 HSCs,GEO,public,"fastq,sra","gs,ncbi,s3","gs.US,ncbi.public,s3.us-east-1",SRX962936,GSM1639640,Illumina HiSeq 2500,PAIRED,cDNA,TRANSCRIPTOMIC,Mus musculus,ILLUMINA,2016-05-19T00:00:00Z,GSM1639640,fetal liver (FL),SRP056386
SRR1922671,RNA-Seq,202,740227182,PRJNA279003,SAMN03435955,454618331,E12 HSCs,GEO,public,"fastq,sra","gs,ncbi,s3","gs.US,ncbi.public,s3.us-east-1",SRX962937,GSM1639641,Illumina HiSeq 2500,PAIRED,cDNA,TRANSCRIPTOMIC,Mus musculus,ILLUMINA,2016-05-19T00:00:00Z,GSM1639641,fetal liver (FL),SRP056386
SRR1922672,RNA-Seq,202,678431140,PRJNA279003,SAMN03435954,433015282,E12 HSCs,GEO,public,"fastq,sra","gs,ncbi,s3","gs.US,ncbi.public,s3.us-east-1",SRX962938,GSM1639642,Illumina HiSeq 2500,PAIRED,cDNA,TRANSCRIPTOMIC,Mus musculus,ILLUMINA,2016-05-19T00:00:00Z,GSM1639642,fetal liver (FL),SRP056386
SRR1922673,RNA-Seq,202,704005552,PRJNA279003,SAMN03436017,441868115,E12 HSCs,GEO,public,"fastq,sra","gs,ncbi,s3","gs.US,ncbi.public,s3.us-east-1",SRX962939,GSM1639643,Illumina HiSeq 2500,PAIRED,cDNA,TRANSCRIPTOMIC,Mus musculus,ILLUMINA,2016-05-19T00:00:00Z,GSM1639643,fetal liver (FL),SRP056386
SRR1922674,RNA-Seq,202,525043854,PRJNA279003,SAMN03436018,333615947,E12 HSCs,GEO,public,"fastq,sra","gs,ncbi,s3","gs.US,ncbi.public,s3.us-east-1",SRX962940,GSM1639644,Illumina HiSeq 2500,PAIRED,cDNA,TRANSCRIPTOMIC,Mus musculus,ILLUMINA,2016-05-19T00:00:00Z,GSM1639644,fetal liver (FL),SRP056386
SRR1922675,RNA-Seq,202,577816556,PRJNA279003,SAMN03436042,363910369,E12 HSCs,GEO,public,"fastq,sra","gs,ncbi,s3","gs.US,ncbi.public,s3.us-east-1",SRX962941,GSM1639645,Illumina HiSeq 2500,PAIRED,cDNA,TRANSCRIPTOMIC,Mus musculus,ILLUMINA,2016-05-19T00:00:00Z,GSM1639645,fetal liver (FL),SRP056386
SRR1922676,RNA-Seq,202,1150997010,PRJNA279003,SAMN03436044,719845865,E12 HSCs,GEO,public,"fastq,sra","gs,ncbi,s3","gs.US,ncbi.public,s3.us-east-1",SRX962942,GSM1639646,Illumina HiSeq 2500,PAIRED,cDNA,TRANSCRIPTOMIC,Mus musculus,ILLUMINA,2016-05-19T00:00:00Z,GSM1639646,fetal liver (FL),SRP056386
SRR1922677,RNA-Seq,202,721794884,PRJNA279003,SAMN03436056,447518207,E12 HSCs,GEO,public,"fastq,sra","gs,ncbi,s3","gs.US,ncbi.public,s3.us-east-1",SRX962943,GSM1639647,Illumina HiSeq 2500,PAIRED,cDNA,TRANSCRIPTOMIC,Mus musculus,ILLUMINA,2016-05-19T00:00:00Z,GSM1639647,fetal liver (FL),SRP056386
SRR1922678,RNA-Seq,202,747296576,PRJNA279003,SAMN03436029,454687289,E12 HSCs,GEO,public,"fastq,sra","gs,ncbi,s3","gs.US,ncbi.public,s3.us-east-1",SRX962944,GSM1639648,Illumina HiSeq 2500,PAIRED,cDNA,TRANSCRIPTOMIC,Mus musculus,ILLUMINA,2016-05-19T00:00:00Z,GSM1639648,fetal liver (FL),SRP056386
SRR1922679,RNA-Seq,202,644200422,PRJNA279003,SAMN03436026,405451258,E12 HSCs,GEO,public,"fastq,sra","gs,ncbi,s3","gs.US,ncbi.public,s3.us-east-1",SRX962945,GSM1639649,Illumina HiSeq 2500,PAIRED,cDNA,TRANSCRIPTOMIC,Mus musculus,ILLUMINA,2016-05-19T00:00:00Z,GSM1639649,fetal liver (FL),SRP056386
SRR1922680,RNA-Seq,202,666913908,PRJNA279003,SAMN03436039,412498509,E12 HSCs,GEO,public,"fastq,sra","gs,ncbi,s3","gs.US,ncbi.public,s3.us-east-1",SRX962946,GSM1639650,Illumina HiSeq 2500,PAIRED,cDNA,TRANSCRIPTOMIC,Mus musculus,ILLUMINA,2016-05-19T00:00:00Z,GSM1639650,fetal liver (FL),SRP056386
SRR1922681,RNA-Seq,202,488915952,PRJNA279003,SAMN03436050,317317102,E14 HSCs,GEO,public,"fastq,sra","gs,ncbi,s3","gs.US,ncbi.public,s3.us-east-1",SRX962947,GSM1639651,Illumina HiSeq 2500,PAIRED,cDNA,TRANSCRIPTOMIC,Mus musculus,ILLUMINA,2016-05-19T00:00:00Z,GSM1639651,fetal liver (FL),SRP056386
SRR1922682,RNA-Seq,202,500279462,PRJNA279003,SAMN03436050,325160642,E14 HSCs,GEO,public,"fastq,sra","gs,ncbi,s3","gs.US,ncbi.public,s3.us-east-1",SRX962947,GSM1639651,Illumina HiSeq 2500,PAIRED,cDNA,TRANSCRIPTOMIC,Mus musculus,ILLUMINA,2016-05-19T00:00:00Z,GSM1639651,fetal liver (FL),SRP056386
SRR1922683,RNA-Seq,202,468877754,PRJNA279003,SAMN03436027,303794422,E14 HSCs,GEO,public,"fastq,sra","gs,ncbi,s3","gs.US,ncbi.public,s3.us-east-1",SRX962948,GSM1639652,Illumina HiSeq 2500,PAIRED,cDNA,TRANSCRIPTOMIC,Mus musculus,ILLUMINA,2016-05-19T00:00:00Z,GSM1639652,fetal liver (FL),SRP056386
SRR1922684,RNA-Seq,202,479610418,PRJNA279003,SAMN03436027,311372402,E14 HSCs,GEO,public,"fastq,sra","gs,ncbi,s3","gs.US,ncbi.public,s3.us-east-1",SRX962948,GSM1639652,Illumina HiSeq 2500,PAIRED,cDNA,TRANSCRIPTOMIC,Mus musculus,ILLUMINA,2016-05-19T00:00:00Z,GSM1639652,fetal liver (FL),SRP056386
SRR1922685,RNA-Seq,202,374223786,PRJNA279003,SAMN03436043,246993808,E14 HSCs,GEO,public,"fastq,sra","gs,ncbi,s3","gs.US,ncbi.public,s3.us-east-1",SRX962949,GSM1639653,Illumina HiSeq 2500,PAIRED,cDNA,TRANSCRIPTOMIC,Mus musculus,ILLUMINA,2016-05-19T00:00:00Z,GSM1639653,fetal liver (FL),SRP056386
SRR1922686,RNA-Seq,202,382349236,PRJNA279003,SAMN03436043,252725080,E14 HSCs,GEO,public,"fastq,sra","gs,ncbi,s3","gs.US,ncbi.public,s3.us-east-1",SRX962949,GSM1639653,Illumina HiSeq 2500,PAIRED,cDNA,TRANSCRIPTOMIC,Mus musculus,ILLUMINA,2016-05-19T00:00:00Z,GSM1639653,fetal liver (FL),SRP056386
SRR1922687,RNA-Seq,202,386649816,PRJNA279003,SAMN03436034,256361813,E14 HSCs,GEO,public,"fastq,sra","gs,ncbi,s3","gs.US,ncbi.public,s3.us-east-1",SRX962950,GSM1639654,Illumina HiSeq 2500,PAIRED,cDNA,TRANSCRIPTOMIC,Mus musculus,ILLUMINA,2016-05-19T00:00:00Z,GSM1639654,fetal liver (FL),SRP056386
SRR1922688,RNA-Seq,202,394515494,PRJNA279003,SAMN03436034,262033069,E14 HSCs,GEO,public,"fastq,sra","gs,ncbi,s3","gs.US,ncbi.public,s3.us-east-1",SRX962950,GSM1639654,Illumina HiSeq 2500,PAIRED,cDNA,TRANSCRIPTOMIC,Mus musculus,ILLUMINA,2016-05-19T00:00:00Z,GSM1639654,fetal liver (FL),SRP056386
SRR1922689,RNA-Seq,202,753494946,PRJNA279003,SAMN03436049,485631732,E14 HSCs,GEO,public,"fastq,sra","gs,ncbi,s3","gs.US,ncbi.public,s3.us-east-1",SRX962951,GSM1639655,Illumina HiSeq 2500,PAIRED,cDNA,TRANSCRIPTOMIC,Mus musculus,ILLUMINA,2016-05-19T00:00:00Z,GSM1639655,fetal liver (FL),SRP056386
SRR1922690,RNA-Seq,202,770093892,PRJNA279003,SAMN03436049,497060615,E14 HSCs,GEO,public,"fastq,sra","gs,ncbi,s3","gs.US,ncbi.public,s3.us-east-1",SRX962951,GSM1639655,Illumina HiSeq 2500,PAIRED,cDNA,TRANSCRIPTOMIC,Mus musculus,ILLUMINA,2016-05-19T00:00:00Z,GSM1639655,fetal liver (FL),SRP056386
SRR1922691,RNA-Seq,202,491447214,PRJNA279003,SAMN03436046,322542248,E14 HSCs,GEO,public,"fastq,sra","gs,ncbi,s3","gs.US,ncbi.public,s3.us-east-1",SRX962952,GSM1639656,Illumina HiSeq 2500,PAIRED,cDNA,TRANSCRIPTOMIC,Mus musculus,ILLUMINA,2016-05-19T00:00:00Z,GSM1639656,fetal liver (FL),SRP056386
SRR1922692,RNA-Seq,202,501513682,PRJNA279003,SAMN03436046,329769394,E14 HSCs,GEO,public,"fastq,sra","gs,ncbi,s3","gs.US,ncbi.public,s3.us-east-1",SRX962952,GSM1639656,Illumina HiSeq 2500,PAIRED,cDNA,TRANSCRIPTOMIC,Mus musculus,ILLUMINA,2016-05-19T00:00:00Z,GSM1639656,fetal liver (FL),SRP056386
SRR1922693,RNA-Seq,202,500447122,PRJNA279003,SAMN03436038,323992680,E14 HSCs,GEO,public,"fastq,sra","gs,ncbi,s3","gs.US,ncbi.public,s3.us-east-1",SRX962953,GSM1639657,Illumina HiSeq 2500,PAIRED,cDNA,TRANSCRIPTOMIC,Mus musculus,ILLUMINA,2016-05-19T00:00:00Z,GSM1639657,fetal liver (FL),SRP056386
SRR1922694,RNA-Seq,202,512236044,PRJNA279003,SAMN03436038,332080502,E14 HSCs,GEO,public,"fastq,sra","gs,ncbi,s3","gs.US,ncbi.public,s3.us-east-1",SRX962953,GSM1639657,Illumina HiSeq 2500,PAIRED,cDNA,TRANSCRIPTOMIC,Mus musculus,ILLUMINA,2016-05-19T00:00:00Z,GSM1639657,fetal liver (FL),SRP056386
SRR1922695,RNA-Seq,202,535290910,PRJNA279003,SAMN03436025,346853014,E14 HSCs,GEO,public,"fastq,sra","gs,ncbi,s3","gs.US,ncbi.public,s3.us-east-1",SRX962954,GSM1639658,Illumina HiSeq 2500,PAIRED,cDNA,TRANSCRIPTOMIC,Mus musculus,ILLUMINA,2016-05-19T00:00:00Z,GSM1639658,fetal liver (FL),SRP056386
SRR1922696,RNA-Seq,202,547118414,PRJNA279003,SAMN03436025,354856445,E14 HSCs,GEO,public,"fastq,sra","gs,ncbi,s3","gs.US,ncbi.public,s3.us-east-1",SRX962954,GSM1639658,Illumina HiSeq 2500,PAIRED,cDNA,TRANSCRIPTOMIC,Mus musculus,ILLUMINA,2016-05-19T00:00:00Z,GSM1639658,fetal liver (FL),SRP056386
SRR1922697,RNA-Seq,202,485175922,PRJNA279003,SAMN03436059,314752124,E14 HSCs,GEO,public,"fastq,sra","gs,ncbi,s3","gs.US,ncbi.public,s3.us-east-1",SRX962955,GSM1639659,Illumina HiSeq 2500,PAIRED,cDNA,TRANSCRIPTOMIC,Mus musculus,ILLUMINA,2016-05-19T00:00:00Z,GSM1639659,fetal liver (FL),SRP056386
SRR1922698,RNA-Seq,202,496406516,PRJNA279003,SAMN03436059,322518330,E14 HSCs,GEO,public,"fastq,sra","gs,ncbi,s3","gs.US,ncbi.public,s3.us-east-1",SRX962955,GSM1639659,Illumina HiSeq 2500,PAIRED,cDNA,TRANSCRIPTOMIC,Mus musculus,ILLUMINA,2016-05-19T00:00:00Z,GSM1639659,fetal liver (FL),SRP056386
SRR1922699,RNA-Seq,202,451823096,PRJNA279003,SAMN03436057,294137551,E14 HSCs,GEO,public,"fastq,sra","gs,ncbi,s3","gs.US,ncbi.public,s3.us-east-1",SRX962956,GSM1639660,Illumina HiSeq 2500,PAIRED,cDNA,TRANSCRIPTOMIC,Mus musculus,ILLUMINA,2016-05-19T00:00:00Z,GSM1639660,fetal liver (FL),SRP056386
SRR1922700,RNA-Seq,202,461363152,PRJNA279003,SAMN03436057,300812316,E14 HSCs,GEO,public,"fastq,sra","gs,ncbi,s3","gs.US,ncbi.public,s3.us-east-1",SRX962956,GSM1639660,Illumina HiSeq 2500,PAIRED,cDNA,TRANSCRIPTOMIC,Mus musculus,ILLUMINA,2016-05-19T00:00:00Z,GSM1639660,fetal liver (FL),SRP056386
SRR1922701,RNA-Seq,202,407771340,PRJNA279003,SAMN03436064,269497328,E14 HSCs,GEO,public,"fastq,sra","gs,ncbi,s3","gs.US,ncbi.public,s3.us-east-1",SRX962957,GSM1639661,Illumina HiSeq 2500,PAIRED,cDNA,TRANSCRIPTOMIC,Mus musculus,ILLUMINA,2016-05-19T00:00:00Z,GSM1639661,fetal liver (FL),SRP056386
SRR1922702,RNA-Seq,202,416442594,PRJNA279003,SAMN03436064,275571864,E14 HSCs,GEO,public,"fastq,sra","gs,ncbi,s3","gs.US,ncbi.public,s3.us-east-1",SRX962957,GSM1639661,Illumina HiSeq 2500,PAIRED,cDNA,TRANSCRIPTOMIC,Mus musculus,ILLUMINA,2016-05-19T00:00:00Z,GSM1639661,fetal liver (FL),SRP056386
SRR1922703,RNA-Seq,202,425070822,PRJNA279003,SAMN03436054,279736013,E14 HSCs,GEO,public,"fastq,sra","gs,ncbi,s3","gs.US,ncbi.public,s3.us-east-1",SRX962958,GSM1639662,Illumina HiSeq 2500,PAIRED,cDNA,TRANSCRIPTOMIC,Mus musculus,ILLUMINA,2016-05-19T00:00:00Z,GSM1639662,fetal liver (FL),SRP056386
SRR1922704,RNA-Seq,202,434669256,PRJNA279003,SAMN03436054,286574317,E14 HSCs,GEO,public,"fastq,sra","gs,ncbi,s3","gs.US,ncbi.public,s3.us-east-1",SRX962958,GSM1639662,Illumina HiSeq 2500,PAIRED,cDNA,TRANSCRIPTOMIC,Mus musculus,ILLUMINA,2016-05-19T00:00:00Z,GSM1639662,fetal liver (FL),SRP056386
SRR1922705,RNA-Seq,202,384618706,PRJNA279003,SAMN03436055,252614418,E14 HSCs,GEO,public,"fastq,sra","gs,ncbi,s3","gs.US,ncbi.public,s3.us-east-1",SRX962959,GSM1639663,Illumina HiSeq 2500,PAIRED,cDNA,TRANSCRIPTOMIC,Mus musculus,ILLUMINA,2016-05-19T00:00:00Z,GSM1639663,fetal liver (FL),SRP056386
SRR1922706,RNA-Seq,202,393010594,PRJNA279003,SAMN03436055,258565239,E14 HSCs,GEO,public,"fastq,sra","gs,ncbi,s3","gs.US,ncbi.public,s3.us-east-1",SRX962959,GSM1639663,Illumina HiSeq 2500,PAIRED,cDNA,TRANSCRIPTOMIC,Mus musculus,ILLUMINA,2016-05-19T00:00:00Z,GSM1639663,fetal liver (FL),SRP056386
SRR1922707,RNA-Seq,202,517409466,PRJNA279003,SAMN03436065,332895496,E14 HSCs,GEO,public,"fastq,sra","gs,ncbi,s3","gs.US,ncbi.public,s3.us-east-1",SRX962960,GSM1639664,Illumina HiSeq 2500,PAIRED,cDNA,TRANSCRIPTOMIC,Mus musculus,ILLUMINA,2016-05-19T00:00:00Z,GSM1639664,fetal liver (FL),SRP056386
SRR1922708,RNA-Seq,202,528828728,PRJNA279003,SAMN03436065,340720494,E14 HSCs,GEO,public,"fastq,sra","gs,ncbi,s3","gs.US,ncbi.public,s3.us-east-1",SRX962960,GSM1639664,Illumina HiSeq 2500,PAIRED,cDNA,TRANSCRIPTOMIC,Mus musculus,ILLUMINA,2016-05-19T00:00:00Z,GSM1639664,fetal liver (FL),SRP056386
SRR1922709,RNA-Seq,202,388033718,PRJNA279003,SAMN03436058,254439654,E14 HSCs,GEO,public,"fastq,sra","gs,ncbi,s3","gs.US,ncbi.public,s3.us-east-1",SRX962961,GSM1639665,Illumina HiSeq 2500,PAIRED,cDNA,TRANSCRIPTOMIC,Mus musculus,ILLUMINA,2016-05-19T00:00:00Z,GSM1639665,fetal liver (FL),SRP056386
SRR1922710,RNA-Seq,202,398294510,PRJNA279003,SAMN03436058,261645988,E14 HSCs,GEO,public,"fastq,sra","gs,ncbi,s3","gs.US,ncbi.public,s3.us-east-1",SRX962961,GSM1639665,Illumina HiSeq 2500,PAIRED,cDNA,TRANSCRIPTOMIC,Mus musculus,ILLUMINA,2016-05-19T00:00:00Z,GSM1639665,fetal liver (FL),SRP056386
SRR1922711,RNA-Seq,202,380006238,PRJNA279003,SAMN03436048,252321284,E14 HSCs,GEO,public,"fastq,sra","gs,ncbi,s3","gs.US,ncbi.public,s3.us-east-1",SRX962962,GSM1639666,Illumina HiSeq 2500,PAIRED,cDNA,TRANSCRIPTOMIC,Mus musculus,ILLUMINA,2016-05-19T00:00:00Z,GSM1639666,fetal liver (FL),SRP056386
SRR1922712,RNA-Seq,202,388042606,PRJNA279003,SAMN03436048,258107554,E14 HSCs,GEO,public,"fastq,sra","gs,ncbi,s3","gs.US,ncbi.public,s3.us-east-1",SRX962962,GSM1639666,Illumina HiSeq 2500,PAIRED,cDNA,TRANSCRIPTOMIC,Mus musculus,ILLUMINA,2016-05-19T00:00:00Z,GSM1639666,fetal liver (FL),SRP056386
SRR2508739,RNA-Seq,202,626720958,PRJNA279003,SAMN04108594,403509492,Haematopoietic stem cells,GEO,public,"fastq,sra","gs,ncbi,s3","gs.US,ncbi.public,s3.us-east-1",SRX1283376,GSM1890033,Illumina HiSeq 2500,PAIRED,cDNA,TRANSCRIPTOMIC,Mus musculus,ILLUMINA,2016-05-19T00:00:00Z,GSM1890033,bonemarrow,SRP056386
SRR2508740,RNA-Seq,202,636277578,PRJNA279003,SAMN04108594,409896636,Haematopoietic stem cells,GEO,public,"fastq,sra","gs,ncbi,s3","gs.US,ncbi.public,s3.us-east-1",SRX1283376,GSM1890033,Illumina HiSeq 2500,PAIRED,cDNA,TRANSCRIPTOMIC,Mus musculus,ILLUMINA,2016-05-19T00:00:00Z,GSM1890033,bonemarrow,SRP056386
SRR2508741,RNA-Seq,202,406763360,PRJNA279003,SAMN04108595,263645601,Haematopoietic stem cells,GEO,public,"fastq,sra","gs,ncbi,s3","gs.US,ncbi.public,s3.us-east-1",SRX1283377,GSM1890034,Illumina HiSeq 2500,PAIRED,cDNA,TRANSCRIPTOMIC,Mus musculus,ILLUMINA,2016-05-19T00:00:00Z,GSM1890034,bonemarrow,SRP056386
SRR2508742,RNA-Seq,202,412605604,PRJNA279003,SAMN04108595,267883419,Haematopoietic stem cells,GEO,public,"fastq,sra","gs,ncbi,s3","gs.US,ncbi.public,s3.us-east-1",SRX1283377,GSM1890034,Illumina HiSeq 2500,PAIRED,cDNA,TRANSCRIPTOMIC,Mus musculus,ILLUMINA,2016-05-19T00:00:00Z,GSM1890034,bonemarrow,SRP056386
SRR2508743,RNA-Seq,202,445836826,PRJNA279003,SAMN04108596,292369478,Haematopoietic stem cells,GEO,public,"fastq,sra","gs,ncbi,s3","gs.US,ncbi.public,s3.us-east-1",SRX1283378,GSM1890035,Illumina HiSeq 2500,PAIRED,cDNA,TRANSCRIPTOMIC,Mus musculus,ILLUMINA,2016-05-19T00:00:00Z,GSM1890035,bonemarrow,SRP056386
SRR2508744,RNA-Seq,202,451464546,PRJNA279003,SAMN04108596,296213223,Haematopoietic stem cells,GEO,public,"fastq,sra","gs,ncbi,s3","gs.US,ncbi.public,s3.us-east-1",SRX1283378,GSM1890035,Illumina HiSeq 2500,PAIRED,cDNA,TRANSCRIPTOMIC,Mus musculus,ILLUMINA,2016-05-19T00:00:00Z,GSM1890035,bonemarrow,SRP056386
SRR2508745,RNA-Seq,202,268912904,PRJNA279003,SAMN04108597,174779395,Haematopoietic stem cells,GEO,public,"fastq,sra","gs,ncbi,s3","gs.US,ncbi.public,s3.us-east-1",SRX1283379,GSM1890036,Illumina HiSeq 2500,PAIRED,cDNA,TRANSCRIPTOMIC,Mus musculus,ILLUMINA,2016-05-19T00:00:00Z,GSM1890036,bonemarrow,SRP056386
SRR2508746,RNA-Seq,202,272404676,PRJNA279003,SAMN04108597,177315727,Haematopoietic stem cells,GEO,public,"fastq,sra","gs,ncbi,s3","gs.US,ncbi.public,s3.us-east-1",SRX1283379,GSM1890036,Illumina HiSeq 2500,PAIRED,cDNA,TRANSCRIPTOMIC,Mus musculus,ILLUMINA,2016-05-19T00:00:00Z,GSM1890036,bonemarrow,SRP056386
SRR2508747,RNA-Seq,202,406542776,PRJNA279003,SAMN04108598,261896324,Haematopoietic stem cells,GEO,public,"fastq,sra","gs,ncbi,s3","gs.US,ncbi.public,s3.us-east-1",SRX1283380,GSM1890037,Illumina HiSeq 2500,PAIRED,cDNA,TRANSCRIPTOMIC,Mus musculus,ILLUMINA,2016-05-19T00:00:00Z,GSM1890037,bonemarrow,SRP056386
SRR2508748,RNA-Seq,202,413290990,PRJNA279003,SAMN04108598,266679042,Haematopoietic stem cells,GEO,public,"fastq,sra","gs,ncbi,s3","gs.US,ncbi.public,s3.us-east-1",SRX1283380,GSM1890037,Illumina HiSeq 2500,PAIRED,cDNA,TRANSCRIPTOMIC,Mus musculus,ILLUMINA,2016-05-19T00:00:00Z,GSM1890037,bonemarrow,SRP056386
SRR2508749,RNA-Seq,202,355681600,PRJNA279003,SAMN04108599,228331097,Haematopoietic stem cells,GEO,public,"fastq,sra","gs,ncbi,s3","gs.US,ncbi.public,s3.us-east-1",SRX1283381,GSM1890038,Illumina HiSeq 2500,PAIRED,cDNA,TRANSCRIPTOMIC,Mus musculus,ILLUMINA,2016-05-19T00:00:00Z,GSM1890038,bonemarrow,SRP056386
SRR2508750,RNA-Seq,202,361082878,PRJNA279003,SAMN04108599,232237412,Haematopoietic stem cells,GEO,public,"fastq,sra","gs,ncbi,s3","gs.US,ncbi.public,s3.us-east-1",SRX1283381,GSM1890038,Illumina HiSeq 2500,PAIRED,cDNA,TRANSCRIPTOMIC,Mus musculus,ILLUMINA,2016-05-19T00:00:00Z,GSM1890038,bonemarrow,SRP056386
SRR2508751,RNA-Seq,202,520293016,PRJNA279003,SAMN04108600,341053164,Haematopoietic stem cells,GEO,public,"fastq,sra","gs,ncbi,s3","gs.US,ncbi.public,s3.us-east-1",SRX1283382,GSM1890039,Illumina HiSeq 2500,PAIRED,cDNA,TRANSCRIPTOMIC,Mus musculus,ILLUMINA,2016-05-19T00:00:00Z,GSM1890039,bonemarrow,SRP056386
SRR2508752,RNA-Seq,202,524649954,PRJNA279003,SAMN04108600,344157574,Haematopoietic stem cells,GEO,public,"fastq,sra","gs,ncbi,s3","gs.US,ncbi.public,s3.us-east-1",SRX1283382,GSM1890039,Illumina HiSeq 2500,PAIRED,cDNA,TRANSCRIPTOMIC,Mus musculus,ILLUMINA,2016-05-19T00:00:00Z,GSM1890039,bonemarrow,SRP056386
SRR2508753,RNA-Seq,202,573488100,PRJNA279003,SAMN04108601,375962433,Haematopoietic stem cells,GEO,public,"fastq,sra","gs,ncbi,s3","gs.US,ncbi.public,s3.us-east-1",SRX1283383,GSM1890040,Illumina HiSeq 2500,PAIRED,cDNA,TRANSCRIPTOMIC,Mus musculus,ILLUMINA,2016-05-19T00:00:00Z,GSM1890040,bonemarrow,SRP056386
SRR2508754,RNA-Seq,202,581426700,PRJNA279003,SAMN04108601,381446840,Haematopoietic stem cells,GEO,public,"fastq,sra","gs,ncbi,s3","gs.US,ncbi.public,s3.us-east-1",SRX1283383,GSM1890040,Illumina HiSeq 2500,PAIRED,cDNA,TRANSCRIPTOMIC,Mus musculus,ILLUMINA,2016-05-19T00:00:00Z,GSM1890040,bonemarrow,SRP056386
SRR2508755,RNA-Seq,202,467255492,PRJNA279003,SAMN04108602,294531985,Haematopoietic stem cells,GEO,public,"fastq,sra","gs,ncbi,s3","gs.US,ncbi.public,s3.us-east-1",SRX1283384,GSM1890041,Illumina HiSeq 2500,PAIRED,cDNA,TRANSCRIPTOMIC,Mus musculus,ILLUMINA,2016-05-19T00:00:00Z,GSM1890041,bonemarrow,SRP056386
SRR2508756,RNA-Seq,202,474132784,PRJNA279003,SAMN04108602,299497243,Haematopoietic stem cells,GEO,public,"fastq,sra","gs,ncbi,s3","gs.US,ncbi.public,s3.us-east-1",SRX1283384,GSM1890041,Illumina HiSeq 2500,PAIRED,cDNA,TRANSCRIPTOMIC,Mus musculus,ILLUMINA,2016-05-19T00:00:00Z,GSM1890041,bonemarrow,SRP056386
SRR2508757,RNA-Seq,202,511230690,PRJNA279003,SAMN04108603,331652798,Haematopoietic stem cells,GEO,public,"fastq,sra","gs,ncbi,s3","gs.US,ncbi.public,s3.us-east-1",SRX1283385,GSM1890042,Illumina HiSeq 2500,PAIRED,cDNA,TRANSCRIPTOMIC,Mus musculus,ILLUMINA,2016-05-19T00:00:00Z,GSM1890042,bonemarrow,SRP056386
SRR2508758,RNA-Seq,202,519669846,PRJNA279003,SAMN04108603,337657033,Haematopoietic stem cells,GEO,public,"fastq,sra","gs,ncbi,s3","gs.US,ncbi.public,s3.us-east-1",SRX1283385,GSM1890042,Illumina HiSeq 2500,PAIRED,cDNA,TRANSCRIPTOMIC,Mus musculus,ILLUMINA,2016-05-19T00:00:00Z,GSM1890042,bonemarrow,SRP056386
SRR2508759,RNA-Seq,202,443149620,PRJNA279003,SAMN04108604,289320369,Haematopoietic stem cells,GEO,public,"fastq,sra","gs,ncbi,s3","gs.US,ncbi.public,s3.us-east-1",SRX1283386,GSM1890043,Illumina HiSeq 2500,PAIRED,cDNA,TRANSCRIPTOMIC,Mus musculus,ILLUMINA,2016-05-19T00:00:00Z,GSM1890043,bonemarrow,SRP056386
SRR2508760,RNA-Seq,202,449068220,PRJNA279003,SAMN04108604,293422252,Haematopoietic stem cells,GEO,public,"fastq,sra","gs,ncbi,s3","gs.US,ncbi.public,s3.us-east-1",SRX1283386,GSM1890043,Illumina HiSeq 2500,PAIRED,cDNA,TRANSCRIPTOMIC,Mus musculus,ILLUMINA,2016-05-19T00:00:00Z,GSM1890043,bonemarrow,SRP056386
SRR2508761,RNA-Seq,202,457300124,PRJNA279003,SAMN04108605,294472712,Haematopoietic stem cells,GEO,public,"fastq,sra","gs,ncbi,s3","gs.US,ncbi.public,s3.us-east-1",SRX1283387,GSM1890044,Illumina HiSeq 2500,PAIRED,cDNA,TRANSCRIPTOMIC,Mus musculus,ILLUMINA,2016-05-19T00:00:00Z,GSM1890044,bonemarrow,SRP056386
SRR2508762,RNA-Seq,202,464863408,PRJNA279003,SAMN04108605,299815824,Haematopoietic stem cells,GEO,public,"fastq,sra","gs,ncbi,s3","gs.US,ncbi.public,s3.us-east-1",SRX1283387,GSM1890044,Illumina HiSeq 2500,PAIRED,cDNA,TRANSCRIPTOMIC,Mus musculus,ILLUMINA,2016-05-19T00:00:00Z,GSM1890044,bonemarrow,SRP056386
SRR2508763,RNA-Seq,202,432754902,PRJNA279003,SAMN04108606,279533263,Haematopoietic stem cells,GEO,public,"fastq,sra","gs,ncbi,s3","gs.US,ncbi.public,s3.us-east-1",SRX1283388,GSM1890045,Illumina HiSeq 2500,PAIRED,cDNA,TRANSCRIPTOMIC,Mus musculus,ILLUMINA,2016-05-19T00:00:00Z,GSM1890045,bonemarrow,SRP056386
SRR2508764,RNA-Seq,202,440348082,PRJNA279003,SAMN04108606,284805685,Haematopoietic stem cells,GEO,public,"fastq,sra","gs,ncbi,s3","gs.US,ncbi.public,s3.us-east-1",SRX1283388,GSM1890045,Illumina HiSeq 2500,PAIRED,cDNA,TRANSCRIPTOMIC,Mus musculus,ILLUMINA,2016-05-19T00:00:00Z,GSM1890045,bonemarrow,SRP056386
SRR2508765,RNA-Seq,202,999130986,PRJNA279003,SAMN04108607,596315847,Haematopoietic stem cells,GEO,public,"fastq,sra","gs,ncbi,s3","gs.US,ncbi.public,s3.us-east-1",SRX1283389,GSM1890046,Illumina HiSeq 2500,PAIRED,cDNA,TRANSCRIPTOMIC,Mus musculus,ILLUMINA,2016-05-19T00:00:00Z,GSM1890046,bonemarrow,SRP056386
SRR2508766,RNA-Seq,202,701930608,PRJNA279003,SAMN04108608,435853827,Haematopoietic stem cells,GEO,public,"fastq,sra","gs,ncbi,s3","gs.US,ncbi.public,s3.us-east-1",SRX1283390,GSM1890047,Illumina HiSeq 2500,PAIRED,cDNA,TRANSCRIPTOMIC,Mus musculus,ILLUMINA,2016-05-19T00:00:00Z,GSM1890047,bonemarrow,SRP056386
SRR2508767,RNA-Seq,202,925228074,PRJNA279003,SAMN04108609,569748518,Haematopoietic stem cells,GEO,public,"fastq,sra","gs,ncbi,s3","gs.US,ncbi.public,s3.us-east-1",SRX1283391,GSM1890048,Illumina HiSeq 2500,PAIRED,cDNA,TRANSCRIPTOMIC,Mus musculus,ILLUMINA,2016-05-19T00:00:00Z,GSM1890048,bonemarrow,SRP056386
SRR2508768,RNA-Seq,202,1285379934,PRJNA279003,SAMN04108610,797075768,Haematopoietic stem cells,GEO,public,"fastq,sra","gs,ncbi,s3","gs.US,ncbi.public,s3.us-east-1",SRX1283392,GSM1890049,Illumina HiSeq 2500,PAIRED,cDNA,TRANSCRIPTOMIC,Mus musculus,ILLUMINA,2016-05-19T00:00:00Z,GSM1890049,bonemarrow,SRP056386
SRR2508769,RNA-Seq,202,1179446286,PRJNA279003,SAMN04108611,729611022,Haematopoietic stem cells,GEO,public,"fastq,sra","gs,ncbi,s3","gs.US,ncbi.public,s3.us-east-1",SRX1283393,GSM1890050,Illumina HiSeq 2500,PAIRED,cDNA,TRANSCRIPTOMIC,Mus musculus,ILLUMINA,2016-05-19T00:00:00Z,GSM1890050,bonemarrow,SRP056386
SRR2508770,RNA-Seq,202,821527738,PRJNA279003,SAMN04108612,544070488,Haematopoietic stem cells,GEO,public,"fastq,sra","gs,ncbi,s3","gs.US,ncbi.public,s3.us-east-1",SRX1283394,GSM1890051,Illumina HiSeq 2500,PAIRED,cDNA,TRANSCRIPTOMIC,Mus musculus,ILLUMINA,2016-05-19T00:00:00Z,GSM1890051,bonemarrow,SRP056386
SRR2508771,RNA-Seq,202,597224716,PRJNA279003,SAMN04108613,400261869,Haematopoietic stem cells,GEO,public,"fastq,sra","gs,ncbi,s3","gs.US,ncbi.public,s3.us-east-1",SRX1283395,GSM1890052,Illumina HiSeq 2500,PAIRED,cDNA,TRANSCRIPTOMIC,Mus musculus,ILLUMINA,2016-05-19T00:00:00Z,GSM1890052,bonemarrow,SRP056386
SRR2508772,RNA-Seq,202,1020815888,PRJNA279003,SAMN04108614,689781642,Haematopoietic stem cells,GEO,public,"fastq,sra","gs,ncbi,s3","gs.US,ncbi.public,s3.us-east-1",SRX1283396,GSM1890053,Illumina HiSeq 2500,PAIRED,cDNA,TRANSCRIPTOMIC,Mus musculus,ILLUMINA,2016-05-19T00:00:00Z,GSM1890053,bonemarrow,SRP056386
SRR2508773,RNA-Seq,202,576135714,PRJNA279003,SAMN04108615,387359900,Haematopoietic stem cells,GEO,public,"fastq,sra","gs,ncbi,s3","gs.US,ncbi.public,s3.us-east-1",SRX1283397,GSM1890054,Illumina HiSeq 2500,PAIRED,cDNA,TRANSCRIPTOMIC,Mus musculus,ILLUMINA,2016-05-19T00:00:00Z,GSM1890054,bonemarrow,SRP056386
SRR2508774,RNA-Seq,202,793838992,PRJNA279003,SAMN04108616,487733727,Haematopoietic stem cells,GEO,public,"fastq,sra","gs,ncbi,s3","gs.US,ncbi.public,s3.us-east-1",SRX1283398,GSM1890055,Illumina HiSeq 2500,PAIRED,cDNA,TRANSCRIPTOMIC,Mus musculus,ILLUMINA,2016-05-19T00:00:00Z,GSM1890055,bonemarrow,SRP056386
SRR2508775,RNA-Seq,202,878628088,PRJNA279003,SAMN04108617,549069039,Haematopoietic stem cells,GEO,public,"fastq,sra","gs,ncbi,s3","gs.US,ncbi.public,s3.us-east-1",SRX1283399,GSM1890056,Illumina HiSeq 2500,PAIRED,cDNA,TRANSCRIPTOMIC,Mus musculus,ILLUMINA,2016-05-19T00:00:00Z,GSM1890056,bonemarrow,SRP056386
SRR2508776,RNA-Seq,202,979766458,PRJNA279003,SAMN04108618,612969227,Haematopoietic stem cells,GEO,public,"fastq,sra","gs,ncbi,s3","gs.US,ncbi.public,s3.us-east-1",SRX1283400,GSM1890057,Illumina HiSeq 2500,PAIRED,cDNA,TRANSCRIPTOMIC,Mus musculus,ILLUMINA,2016-05-19T00:00:00Z,GSM1890057,bonemarrow,SRP056386
SRR2508777,RNA-Seq,202,329664404,PRJNA279003,SAMN04108619,220228660,Haematopoietic stem cells,GEO,public,"fastq,sra","gs,ncbi,s3","gs.US,ncbi.public,s3.us-east-1",SRX1283401,GSM1890058,Illumina HiSeq 2500,PAIRED,cDNA,TRANSCRIPTOMIC,Mus musculus,ILLUMINA,2016-05-19T00:00:00Z,GSM1890058,bonemarrow,SRP056386
SRR2508778,RNA-Seq,202,224586630,PRJNA279003,SAMN04108620,142964248,Haematopoietic stem cells,GEO,public,"fastq,sra","gs,ncbi,s3","gs.US,ncbi.public,s3.us-east-1",SRX1283402,GSM1890059,Illumina HiSeq 2500,PAIRED,cDNA,TRANSCRIPTOMIC,Mus musculus,ILLUMINA,2016-05-19T00:00:00Z,GSM1890059,bonemarrow,SRP056386
SRR2508779,RNA-Seq,202,227255858,PRJNA279003,SAMN04108620,144897988,Haematopoietic stem cells,GEO,public,"fastq,sra","gs,ncbi,s3","gs.US,ncbi.public,s3.us-east-1",SRX1283402,GSM1890059,Illumina HiSeq 2500,PAIRED,cDNA,TRANSCRIPTOMIC,Mus musculus,ILLUMINA,2016-05-19T00:00:00Z,GSM1890059,bonemarrow,SRP056386
SRR2508780,RNA-Seq,202,386179762,PRJNA279003,SAMN04108621,250749389,Haematopoietic stem cells,GEO,public,"fastq,sra","gs,ncbi,s3","gs.US,ncbi.public,s3.us-east-1",SRX1283403,GSM1890060,Illumina HiSeq 2500,PAIRED,cDNA,TRANSCRIPTOMIC,Mus musculus,ILLUMINA,2016-05-19T00:00:00Z,GSM1890060,bonemarrow,SRP056386
SRR2508781,RNA-Seq,202,391091594,PRJNA279003,SAMN04108621,254304164,Haematopoietic stem cells,GEO,public,"fastq,sra","gs,ncbi,s3","gs.US,ncbi.public,s3.us-east-1",SRX1283403,GSM1890060,Illumina HiSeq 2500,PAIRED,cDNA,TRANSCRIPTOMIC,Mus musculus,ILLUMINA,2016-05-19T00:00:00Z,GSM1890060,bonemarrow,SRP056386
SRR2508782,RNA-Seq,202,656546056,PRJNA279003,SAMN04108565,430390835,Haematopoietic stem cells,GEO,public,"fastq,sra","gs,ncbi,s3","gs.US,ncbi.public,s3.us-east-1",SRX1283404,GSM1890061,Illumina HiSeq 2500,PAIRED,cDNA,TRANSCRIPTOMIC,Mus musculus,ILLUMINA,2016-05-19T00:00:00Z,GSM1890061,bonemarrow,SRP056386
SRR2508783,RNA-Seq,202,663098532,PRJNA279003,SAMN04108565,435065909,Haematopoietic stem cells,GEO,public,"fastq,sra","gs,ncbi,s3","gs.US,ncbi.public,s3.us-east-1",SRX1283404,GSM1890061,Illumina HiSeq 2500,PAIRED,cDNA,TRANSCRIPTOMIC,Mus musculus,ILLUMINA,2016-05-19T00:00:00Z,GSM1890061,bonemarrow,SRP056386
SRR2508784,RNA-Seq,202,483591030,PRJNA279003,SAMN04108566,316831368,Haematopoietic stem cells,GEO,public,"fastq,sra","gs,ncbi,s3","gs.US,ncbi.public,s3.us-east-1",SRX1283405,GSM1890062,Illumina HiSeq 2500,PAIRED,cDNA,TRANSCRIPTOMIC,Mus musculus,ILLUMINA,2016-05-19T00:00:00Z,GSM1890062,bonemarrow,SRP056386
SRR2508785,RNA-Seq,202,489114114,PRJNA279003,SAMN04108566,320672521,Haematopoietic stem cells,GEO,public,"fastq,sra","gs,ncbi,s3","gs.US,ncbi.public,s3.us-east-1",SRX1283405,GSM1890062,Illumina HiSeq 2500,PAIRED,cDNA,TRANSCRIPTOMIC,Mus musculus,ILLUMINA,2016-05-19T00:00:00Z,GSM1890062,bonemarrow,SRP056386
SRR2508786,RNA-Seq,202,597603870,PRJNA279003,SAMN04108564,404429314,T1 CD201-: CD31+CD45-CD41low c-Kit+CD201low/-,GEO,public,"fastq,sra","gs,ncbi,s3","gs.US,ncbi.public,s3.us-east-1",SRX1283406,GSM1890063,Illumina HiSeq 2500,PAIRED,cDNA,TRANSCRIPTOMIC,Mus musculus,ILLUMINA,2016-05-19T00:00:00Z,GSM1890063,AGM,SRP056386
SRR2508787,RNA-Seq,202,591781422,PRJNA279003,SAMN04108564,399996388,T1 CD201-: CD31+CD45-CD41low c-Kit+CD201low/-,GEO,public,"fastq,sra","gs,ncbi,s3","gs.US,ncbi.public,s3.us-east-1",SRX1283406,GSM1890063,Illumina HiSeq 2500,PAIRED,cDNA,TRANSCRIPTOMIC,Mus musculus,ILLUMINA,2016-05-19T00:00:00Z,GSM1890063,AGM,SRP056386
SRR2508788,RNA-Seq,202,581311156,PRJNA279003,SAMN04108567,394484285,T1 CD201-: CD31+CD45-CD41low c-Kit+CD201low/-,GEO,public,"fastq,sra","gs,ncbi,s3","gs.US,ncbi.public,s3.us-east-1",SRX1283407,GSM1890064,Illumina HiSeq 2500,PAIRED,cDNA,TRANSCRIPTOMIC,Mus musculus,ILLUMINA,2016-05-19T00:00:00Z,GSM1890064,AGM,SRP056386
SRR2508789,RNA-Seq,202,575809484,PRJNA279003,SAMN04108567,390460557,T1 CD201-: CD31+CD45-CD41low c-Kit+CD201low/-,GEO,public,"fastq,sra","gs,ncbi,s3","gs.US,ncbi.public,s3.us-east-1",SRX1283407,GSM1890064,Illumina HiSeq 2500,PAIRED,cDNA,TRANSCRIPTOMIC,Mus musculus,ILLUMINA,2016-05-19T00:00:00Z,GSM1890064,AGM,SRP056386
SRR2508790,RNA-Seq,202,528260300,PRJNA279003,SAMN04108568,357898179,T1 CD201-: CD31+CD45-CD41low c-Kit+CD201low/-,GEO,public,"fastq,sra","gs,ncbi,s3","gs.US,ncbi.public,s3.us-east-1",SRX1283408,GSM1890065,Illumina HiSeq 2500,PAIRED,cDNA,TRANSCRIPTOMIC,Mus musculus,ILLUMINA,2016-05-19T00:00:00Z,GSM1890065,AGM,SRP056386
SRR2508791,RNA-Seq,202,522981636,PRJNA279003,SAMN04108568,353956424,T1 CD201-: CD31+CD45-CD41low c-Kit+CD201low/-,GEO,public,"fastq,sra","gs,ncbi,s3","gs.US,ncbi.public,s3.us-east-1",SRX1283408,GSM1890065,Illumina HiSeq 2500,PAIRED,cDNA,TRANSCRIPTOMIC,Mus musculus,ILLUMINA,2016-05-19T00:00:00Z,GSM1890065,AGM,SRP056386
SRR2508792,RNA-Seq,202,422322208,PRJNA279003,SAMN04108569,287889045,T1 CD201-: CD31+CD45-CD41low c-Kit+CD201low/-,GEO,public,"fastq,sra","gs,ncbi,s3","gs.US,ncbi.public,s3.us-east-1",SRX1283409,GSM1890066,Illumina HiSeq 2500,PAIRED,cDNA,TRANSCRIPTOMIC,Mus musculus,ILLUMINA,2016-05-19T00:00:00Z,GSM1890066,AGM,SRP056386
SRR2508793,RNA-Seq,202,419117882,PRJNA279003,SAMN04108569,285399855,T1 CD201-: CD31+CD45-CD41low c-Kit+CD201low/-,GEO,public,"fastq,sra","gs,ncbi,s3","gs.US,ncbi.public,s3.us-east-1",SRX1283409,GSM1890066,Illumina HiSeq 2500,PAIRED,cDNA,TRANSCRIPTOMIC,Mus musculus,ILLUMINA,2016-05-19T00:00:00Z,GSM1890066,AGM,SRP056386
SRR2508794,RNA-Seq,202,474466084,PRJNA279003,SAMN04108570,322250093,T1 CD201-: CD31+CD45-CD41low c-Kit+CD201low/-,GEO,public,"fastq,sra","gs,ncbi,s3","gs.US,ncbi.public,s3.us-east-1",SRX1283410,GSM1890067,Illumina HiSeq 2500,PAIRED,cDNA,TRANSCRIPTOMIC,Mus musculus,ILLUMINA,2016-05-19T00:00:00Z,GSM1890067,AGM,SRP056386
SRR2508795,RNA-Seq,202,469950374,PRJNA279003,SAMN04108570,318790408,T1 CD201-: CD31+CD45-CD41low c-Kit+CD201low/-,GEO,public,"fastq,sra","gs,ncbi,s3","gs.US,ncbi.public,s3.us-east-1",SRX1283410,GSM1890067,Illumina HiSeq 2500,PAIRED,cDNA,TRANSCRIPTOMIC,Mus musculus,ILLUMINA,2016-05-19T00:00:00Z,GSM1890067,AGM,SRP056386
SRR2508796,RNA-Seq,202,427291206,PRJNA279003,SAMN04108571,290588473,T1 CD201-: CD31+CD45-CD41low c-Kit+CD201low/-,GEO,public,"fastq,sra","gs,ncbi,s3","gs.US,ncbi.public,s3.us-east-1",SRX1283411,GSM1890068,Illumina HiSeq 2500,PAIRED,cDNA,TRANSCRIPTOMIC,Mus musculus,ILLUMINA,2016-05-19T00:00:00Z,GSM1890068,AGM,SRP056386
SRR2508797,RNA-Seq,202,423019916,PRJNA279003,SAMN04108571,287435589,T1 CD201-: CD31+CD45-CD41low c-Kit+CD201low/-,GEO,public,"fastq,sra","gs,ncbi,s3","gs.US,ncbi.public,s3.us-east-1",SRX1283411,GSM1890068,Illumina HiSeq 2500,PAIRED,cDNA,TRANSCRIPTOMIC,Mus musculus,ILLUMINA,2016-05-19T00:00:00Z,GSM1890068,AGM,SRP056386
SRR2508798,RNA-Seq,202,441288190,PRJNA279003,SAMN04108572,300371862,T1 CD201-: CD31+CD45-CD41low c-Kit+CD201low/-,GEO,public,"fastq,sra","gs,ncbi,s3","gs.US,ncbi.public,s3.us-east-1",SRX1283412,GSM1890069,Illumina HiSeq 2500,PAIRED,cDNA,TRANSCRIPTOMIC,Mus musculus,ILLUMINA,2016-05-19T00:00:00Z,GSM1890069,AGM,SRP056386
SRR2508799,RNA-Seq,202,438636536,PRJNA279003,SAMN04108572,298255494,T1 CD201-: CD31+CD45-CD41low c-Kit+CD201low/-,GEO,public,"fastq,sra","gs,ncbi,s3","gs.US,ncbi.public,s3.us-east-1",SRX1283412,GSM1890069,Illumina HiSeq 2500,PAIRED,cDNA,TRANSCRIPTOMIC,Mus musculus,ILLUMINA,2016-05-19T00:00:00Z,GSM1890069,AGM,SRP056386
SRR2508800,RNA-Seq,202,621130204,PRJNA279003,SAMN04108573,425032593,T1 CD201-: CD31+CD45-CD41low c-Kit+CD201low/-,GEO,public,"fastq,sra","gs,ncbi,s3","gs.US,ncbi.public,s3.us-east-1",SRX1283413,GSM1890070,Illumina HiSeq 2500,PAIRED,cDNA,TRANSCRIPTOMIC,Mus musculus,ILLUMINA,2016-05-19T00:00:00Z,GSM1890070,AGM,SRP056386
SRR2508801,RNA-Seq,202,615067376,PRJNA279003,SAMN04108573,420318905,T1 CD201-: CD31+CD45-CD41low c-Kit+CD201low/-,GEO,public,"fastq,sra","gs,ncbi,s3","gs.US,ncbi.public,s3.us-east-1",SRX1283413,GSM1890070,Illumina HiSeq 2500,PAIRED,cDNA,TRANSCRIPTOMIC,Mus musculus,ILLUMINA,2016-05-19T00:00:00Z,GSM1890070,AGM,SRP056386
SRR2508802,RNA-Seq,202,408323810,PRJNA279003,SAMN04108574,276812975,T1 CD201-: CD31+CD45-CD41low c-Kit+CD201low/-,GEO,public,"fastq,sra","gs,ncbi,s3","gs.US,ncbi.public,s3.us-east-1",SRX1283414,GSM1890071,Illumina HiSeq 2500,PAIRED,cDNA,TRANSCRIPTOMIC,Mus musculus,ILLUMINA,2016-05-19T00:00:00Z,GSM1890071,AGM,SRP056386
SRR2508803,RNA-Seq,202,404059792,PRJNA279003,SAMN04108574,273654729,T1 CD201-: CD31+CD45-CD41low c-Kit+CD201low/-,GEO,public,"fastq,sra","gs,ncbi,s3","gs.US,ncbi.public,s3.us-east-1",SRX1283414,GSM1890071,Illumina HiSeq 2500,PAIRED,cDNA,TRANSCRIPTOMIC,Mus musculus,ILLUMINA,2016-05-19T00:00:00Z,GSM1890071,AGM,SRP056386
SRR2508804,RNA-Seq,202,556509798,PRJNA279003,SAMN04108575,377694654,T1 CD201-: CD31+CD45-CD41low c-Kit+CD201low/-,GEO,public,"fastq,sra","gs,ncbi,s3","gs.US,ncbi.public,s3.us-east-1",SRX1283415,GSM1890072,Illumina HiSeq 2500,PAIRED,cDNA,TRANSCRIPTOMIC,Mus musculus,ILLUMINA,2016-05-19T00:00:00Z,GSM1890072,AGM,SRP056386
SRR2508805,RNA-Seq,202,550947728,PRJNA279003,SAMN04108575,373534690,T1 CD201-: CD31+CD45-CD41low c-Kit+CD201low/-,GEO,public,"fastq,sra","gs,ncbi,s3","gs.US,ncbi.public,s3.us-east-1",SRX1283415,GSM1890072,Illumina HiSeq 2500,PAIRED,cDNA,TRANSCRIPTOMIC,Mus musculus,ILLUMINA,2016-05-19T00:00:00Z,GSM1890072,AGM,SRP056386
SRR2508806,RNA-Seq,202,451363344,PRJNA279003,SAMN04108576,306066070,T1 CD201-: CD31+CD45-CD41low c-Kit+CD201low/-,GEO,public,"fastq,sra","gs,ncbi,s3","gs.US,ncbi.public,s3.us-east-1",SRX1283416,GSM1890073,Illumina HiSeq 2500,PAIRED,cDNA,TRANSCRIPTOMIC,Mus musculus,ILLUMINA,2016-05-19T00:00:00Z,GSM1890073,AGM,SRP056386
SRR2508807,RNA-Seq,202,446924192,PRJNA279003,SAMN04108576,302693310,T1 CD201-: CD31+CD45-CD41low c-Kit+CD201low/-,GEO,public,"fastq,sra","gs,ncbi,s3","gs.US,ncbi.public,s3.us-east-1",SRX1283416,GSM1890073,Illumina HiSeq 2500,PAIRED,cDNA,TRANSCRIPTOMIC,Mus musculus,ILLUMINA,2016-05-19T00:00:00Z,GSM1890073,AGM,SRP056386
SRR2508808,RNA-Seq,202,534320098,PRJNA279003,SAMN04108577,362256307,T1 CD201-: CD31+CD45-CD41low c-Kit+CD201low/-,GEO,public,"fastq,sra","gs,ncbi,s3","gs.US,ncbi.public,s3.us-east-1",SRX1283417,GSM1890074,Illumina HiSeq 2500,PAIRED,cDNA,TRANSCRIPTOMIC,Mus musculus,ILLUMINA,2016-05-19T00:00:00Z,GSM1890074,AGM,SRP056386
SRR2508809,RNA-Seq,202,529082036,PRJNA279003,SAMN04108577,358171526,T1 CD201-: CD31+CD45-CD41low c-Kit+CD201low/-,GEO,public,"fastq,sra","gs,ncbi,s3","gs.US,ncbi.public,s3.us-east-1",SRX1283417,GSM1890074,Illumina HiSeq 2500,PAIRED,cDNA,TRANSCRIPTOMIC,Mus musculus,ILLUMINA,2016-05-19T00:00:00Z,GSM1890074,AGM,SRP056386
SRR2508810,RNA-Seq,202,471853012,PRJNA279003,SAMN04108578,320441754,T1 CD201-: CD31+CD45-CD41low c-Kit+CD201low/-,GEO,public,"fastq,sra","gs,ncbi,s3","gs.US,ncbi.public,s3.us-east-1",SRX1283418,GSM1890075,Illumina HiSeq 2500,PAIRED,cDNA,TRANSCRIPTOMIC,Mus musculus,ILLUMINA,2016-05-19T00:00:00Z,GSM1890075,AGM,SRP056386
SRR2508811,RNA-Seq,202,467668380,PRJNA279003,SAMN04108578,317260309,T1 CD201-: CD31+CD45-CD41low c-Kit+CD201low/-,GEO,public,"fastq,sra","gs,ncbi,s3","gs.US,ncbi.public,s3.us-east-1",SRX1283418,GSM1890075,Illumina HiSeq 2500,PAIRED,cDNA,TRANSCRIPTOMIC,Mus musculus,ILLUMINA,2016-05-19T00:00:00Z,GSM1890075,AGM,SRP056386
SRR2508812,RNA-Seq,202,416397750,PRJNA279003,SAMN04108579,283682112,T1 CD201-: CD31+CD45-CD41low c-Kit+CD201low/-,GEO,public,"fastq,sra","gs,ncbi,s3","gs.US,ncbi.public,s3.us-east-1",SRX1283419,GSM1890076,Illumina HiSeq 2500,PAIRED,cDNA,TRANSCRIPTOMIC,Mus musculus,ILLUMINA,2016-05-19T00:00:00Z,GSM1890076,AGM,SRP056386
SRR2508813,RNA-Seq,202,411937590,PRJNA279003,SAMN04108579,280346131,T1 CD201-: CD31+CD45-CD41low c-Kit+CD201low/-,GEO,public,"fastq,sra","gs,ncbi,s3","gs.US,ncbi.public,s3.us-east-1",SRX1283419,GSM1890076,Illumina HiSeq 2500,PAIRED,cDNA,TRANSCRIPTOMIC,Mus musculus,ILLUMINA,2016-05-19T00:00:00Z,GSM1890076,AGM,SRP056386
SRR2508814,RNA-Seq,202,445014686,PRJNA279003,SAMN04108580,302440700,T1 CD201-: CD31+CD45-CD41low c-Kit+CD201low/-,GEO,public,"fastq,sra","gs,ncbi,s3","gs.US,ncbi.public,s3.us-east-1",SRX1283420,GSM1890077,Illumina HiSeq 2500,PAIRED,cDNA,TRANSCRIPTOMIC,Mus musculus,ILLUMINA,2016-05-19T00:00:00Z,GSM1890077,AGM,SRP056386
SRR2508815,RNA-Seq,202,441149012,PRJNA279003,SAMN04108580,299358730,T1 CD201-: CD31+CD45-CD41low c-Kit+CD201low/-,GEO,public,"fastq,sra","gs,ncbi,s3","gs.US,ncbi.public,s3.us-east-1",SRX1283420,GSM1890077,Illumina HiSeq 2500,PAIRED,cDNA,TRANSCRIPTOMIC,Mus musculus,ILLUMINA,2016-05-19T00:00:00Z,GSM1890077,AGM,SRP056386
SRR2508816,RNA-Seq,202,461657062,PRJNA279003,SAMN04108581,313750744,T1 CD201-: CD31+CD45-CD41low c-Kit+CD201low/-,GEO,public,"fastq,sra","gs,ncbi,s3","gs.US,ncbi.public,s3.us-east-1",SRX1283421,GSM1890078,Illumina HiSeq 2500,PAIRED,cDNA,TRANSCRIPTOMIC,Mus musculus,ILLUMINA,2016-05-19T00:00:00Z,GSM1890078,AGM,SRP056386
SRR2508817,RNA-Seq,202,457580904,PRJNA279003,SAMN04108581,310636734,T1 CD201-: CD31+CD45-CD41low c-Kit+CD201low/-,GEO,public,"fastq,sra","gs,ncbi,s3","gs.US,ncbi.public,s3.us-east-1",SRX1283421,GSM1890078,Illumina HiSeq 2500,PAIRED,cDNA,TRANSCRIPTOMIC,Mus musculus,ILLUMINA,2016-05-19T00:00:00Z,GSM1890078,AGM,SRP056386
SRR2508818,RNA-Seq,202,419026780,PRJNA279003,SAMN04108582,273356817,T1 CD201-: CD31+CD45-CD41low c-Kit+CD201low/-,GEO,public,"fastq,sra","gs,ncbi,s3","gs.US,ncbi.public,s3.us-east-1",SRX1283422,GSM1890079,Illumina HiSeq 2500,PAIRED,cDNA,TRANSCRIPTOMIC,Mus musculus,ILLUMINA,2016-05-19T00:00:00Z,GSM1890079,AGM,SRP056386
SRR2508819,RNA-Seq,202,425608950,PRJNA279003,SAMN04108582,277989263,T1 CD201-: CD31+CD45-CD41low c-Kit+CD201low/-,GEO,public,"fastq,sra","gs,ncbi,s3","gs.US,ncbi.public,s3.us-east-1",SRX1283422,GSM1890079,Illumina HiSeq 2500,PAIRED,cDNA,TRANSCRIPTOMIC,Mus musculus,ILLUMINA,2016-05-19T00:00:00Z,GSM1890079,AGM,SRP056386
SRR2508820,RNA-Seq,202,398894046,PRJNA279003,SAMN04108583,258257617,T1 CD201-: CD31+CD45-CD41low c-Kit+CD201low/-,GEO,public,"fastq,sra","gs,ncbi,s3","gs.US,ncbi.public,s3.us-east-1",SRX1283423,GSM1890080,Illumina HiSeq 2500,PAIRED,cDNA,TRANSCRIPTOMIC,Mus musculus,ILLUMINA,2016-05-19T00:00:00Z,GSM1890080,AGM,SRP056386
SRR2508821,RNA-Seq,202,405646502,PRJNA279003,SAMN04108583,263002779,T1 CD201-: CD31+CD45-CD41low c-Kit+CD201low/-,GEO,public,"fastq,sra","gs,ncbi,s3","gs.US,ncbi.public,s3.us-east-1",SRX1283423,GSM1890080,Illumina HiSeq 2500,PAIRED,cDNA,TRANSCRIPTOMIC,Mus musculus,ILLUMINA,2016-05-19T00:00:00Z,GSM1890080,AGM,SRP056386
SRR2508822,RNA-Seq,202,393698808,PRJNA279003,SAMN04108584,257081294,T1 CD201-: CD31+CD45-CD41low c-Kit+CD201low/-,GEO,public,"fastq,sra","gs,ncbi,s3","gs.US,ncbi.public,s3.us-east-1",SRX1283424,GSM1890081,Illumina HiSeq 2500,PAIRED,cDNA,TRANSCRIPTOMIC,Mus musculus,ILLUMINA,2016-05-19T00:00:00Z,GSM1890081,AGM,SRP056386
SRR2508823,RNA-Seq,202,399534386,PRJNA279003,SAMN04108584,261304554,T1 CD201-: CD31+CD45-CD41low c-Kit+CD201low/-,GEO,public,"fastq,sra","gs,ncbi,s3","gs.US,ncbi.public,s3.us-east-1",SRX1283424,GSM1890081,Illumina HiSeq 2500,PAIRED,cDNA,TRANSCRIPTOMIC,Mus musculus,ILLUMINA,2016-05-19T00:00:00Z,GSM1890081,AGM,SRP056386
SRR2508824,RNA-Seq,202,487934232,PRJNA279003,SAMN04108585,319265188,T1 CD201-: CD31+CD45-CD41low c-Kit+CD201low/-,GEO,public,"fastq,sra","gs,ncbi,s3","gs.US,ncbi.public,s3.us-east-1",SRX1283425,GSM1890082,Illumina HiSeq 2500,PAIRED,cDNA,TRANSCRIPTOMIC,Mus musculus,ILLUMINA,2016-05-19T00:00:00Z,GSM1890082,AGM,SRP056386
SRR2508825,RNA-Seq,202,493892828,PRJNA279003,SAMN04108585,323491381,T1 CD201-: CD31+CD45-CD41low c-Kit+CD201low/-,GEO,public,"fastq,sra","gs,ncbi,s3","gs.US,ncbi.public,s3.us-east-1",SRX1283425,GSM1890082,Illumina HiSeq 2500,PAIRED,cDNA,TRANSCRIPTOMIC,Mus musculus,ILLUMINA,2016-05-19T00:00:00Z,GSM1890082,AGM,SRP056386
SRR2508826,RNA-Seq,202,461351436,PRJNA279003,SAMN04108586,302947196,T1 CD201-: CD31+CD45-CD41low c-Kit+CD201low/-,GEO,public,"fastq,sra","gs,ncbi,s3","gs.US,ncbi.public,s3.us-east-1",SRX1283426,GSM1890083,Illumina HiSeq 2500,PAIRED,cDNA,TRANSCRIPTOMIC,Mus musculus,ILLUMINA,2016-05-19T00:00:00Z,GSM1890083,AGM,SRP056386
SRR2508827,RNA-Seq,202,466737362,PRJNA279003,SAMN04108586,306864597,T1 CD201-: CD31+CD45-CD41low c-Kit+CD201low/-,GEO,public,"fastq,sra","gs,ncbi,s3","gs.US,ncbi.public,s3.us-east-1",SRX1283426,GSM1890083,Illumina HiSeq 2500,PAIRED,cDNA,TRANSCRIPTOMIC,Mus musculus,ILLUMINA,2016-05-19T00:00:00Z,GSM1890083,AGM,SRP056386
SRR2508828,RNA-Seq,202,482477000,PRJNA279003,SAMN04108587,310502366,T2 pre-HSCs,GEO,public,"fastq,sra","gs,ncbi,s3","gs.US,ncbi.public,s3.us-east-1",SRX1283427,GSM1890084,Illumina HiSeq 2500,PAIRED,cDNA,TRANSCRIPTOMIC,Mus musculus,ILLUMINA,2016-05-19T00:00:00Z,GSM1890084,AGM,SRP056386
SRR2508829,RNA-Seq,202,496998376,PRJNA279003,SAMN04108587,319292553,T2 pre-HSCs,GEO,public,"fastq,sra","gs,ncbi,s3","gs.US,ncbi.public,s3.us-east-1",SRX1283427,GSM1890084,Illumina HiSeq 2500,PAIRED,cDNA,TRANSCRIPTOMIC,Mus musculus,ILLUMINA,2016-05-19T00:00:00Z,GSM1890084,AGM,SRP056386
SRR2508830,RNA-Seq,202,399476210,PRJNA279003,SAMN04108588,260941583,T2 pre-HSCs,GEO,public,"fastq,sra","gs,ncbi,s3","gs.US,ncbi.public,s3.us-east-1",SRX1283428,GSM1890085,Illumina HiSeq 2500,PAIRED,cDNA,TRANSCRIPTOMIC,Mus musculus,ILLUMINA,2016-05-19T00:00:00Z,GSM1890085,AGM,SRP056386
SRR2508831,RNA-Seq,202,411052224,PRJNA279003,SAMN04108588,267978095,T2 pre-HSCs,GEO,public,"fastq,sra","gs,ncbi,s3","gs.US,ncbi.public,s3.us-east-1",SRX1283428,GSM1890085,Illumina HiSeq 2500,PAIRED,cDNA,TRANSCRIPTOMIC,Mus musculus,ILLUMINA,2016-05-19T00:00:00Z,GSM1890085,AGM,SRP056386
SRR2508832,RNA-Seq,202,478260048,PRJNA279003,SAMN04108589,309794456,T2 pre-HSCs,GEO,public,"fastq,sra","gs,ncbi,s3","gs.US,ncbi.public,s3.us-east-1",SRX1283429,GSM1890086,Illumina HiSeq 2500,PAIRED,cDNA,TRANSCRIPTOMIC,Mus musculus,ILLUMINA,2016-05-19T00:00:00Z,GSM1890086,AGM,SRP056386
SRR2508833,RNA-Seq,202,488006548,PRJNA279003,SAMN04108589,315489361,T2 pre-HSCs,GEO,public,"fastq,sra","gs,ncbi,s3","gs.US,ncbi.public,s3.us-east-1",SRX1283429,GSM1890086,Illumina HiSeq 2500,PAIRED,cDNA,TRANSCRIPTOMIC,Mus musculus,ILLUMINA,2016-05-19T00:00:00Z,GSM1890086,AGM,SRP056386
SRR2508834,RNA-Seq,202,416600356,PRJNA279003,SAMN04108590,271068594,T2 pre-HSCs,GEO,public,"fastq,sra","gs,ncbi,s3","gs.US,ncbi.public,s3.us-east-1",SRX1283430,GSM1890087,Illumina HiSeq 2500,PAIRED,cDNA,TRANSCRIPTOMIC,Mus musculus,ILLUMINA,2016-05-19T00:00:00Z,GSM1890087,AGM,SRP056386
SRR2508835,RNA-Seq,202,429786108,PRJNA279003,SAMN04108590,279210293,T2 pre-HSCs,GEO,public,"fastq,sra","gs,ncbi,s3","gs.US,ncbi.public,s3.us-east-1",SRX1283430,GSM1890087,Illumina HiSeq 2500,PAIRED,cDNA,TRANSCRIPTOMIC,Mus musculus,ILLUMINA,2016-05-19T00:00:00Z,GSM1890087,AGM,SRP056386
SRR2508836,RNA-Seq,202,437958220,PRJNA279003,SAMN04108591,279744070,T2 pre-HSCs,GEO,public,"fastq,sra","gs,ncbi,s3","gs.US,ncbi.public,s3.us-east-1",SRX1283431,GSM1890088,Illumina HiSeq 2500,PAIRED,cDNA,TRANSCRIPTOMIC,Mus musculus,ILLUMINA,2016-05-19T00:00:00Z,GSM1890088,AGM,SRP056386
SRR2508837,RNA-Seq,202,449197298,PRJNA279003,SAMN04108591,286480976,T2 pre-HSCs,GEO,public,"fastq,sra","gs,ncbi,s3","gs.US,ncbi.public,s3.us-east-1",SRX1283431,GSM1890088,Illumina HiSeq 2500,PAIRED,cDNA,TRANSCRIPTOMIC,Mus musculus,ILLUMINA,2016-05-19T00:00:00Z,GSM1890088,AGM,SRP056386
SRR2508838,RNA-Seq,202,444626240,PRJNA279003,SAMN04108592,285342429,T2 pre-HSCs,GEO,public,"fastq,sra","gs,ncbi,s3","gs.US,ncbi.public,s3.us-east-1",SRX1283432,GSM1890089,Illumina HiSeq 2500,PAIRED,cDNA,TRANSCRIPTOMIC,Mus musculus,ILLUMINA,2016-05-19T00:00:00Z,GSM1890089,AGM,SRP056386
SRR2508839,RNA-Seq,202,457108426,PRJNA279003,SAMN04108592,292845984,T2 pre-HSCs,GEO,public,"fastq,sra","gs,ncbi,s3","gs.US,ncbi.public,s3.us-east-1",SRX1283432,GSM1890089,Illumina HiSeq 2500,PAIRED,cDNA,TRANSCRIPTOMIC,Mus musculus,ILLUMINA,2016-05-19T00:00:00Z,GSM1890089,AGM,SRP056386
SRR2508840,RNA-Seq,202,431276060,PRJNA279003,SAMN04108593,280102301,T2 pre-HSCs,GEO,public,"fastq,sra","gs,ncbi,s3","gs.US,ncbi.public,s3.us-east-1",SRX1283433,GSM1890090,Illumina HiSeq 2500,PAIRED,cDNA,TRANSCRIPTOMIC,Mus musculus,ILLUMINA,2016-05-19T00:00:00Z,GSM1890090,AGM,SRP056386
SRR2508841,RNA-Seq,202,444569680,PRJNA279003,SAMN04108593,288297404,T2 pre-HSCs,GEO,public,"fastq,sra","gs,ncbi,s3","gs.US,ncbi.public,s3.us-east-1",SRX1283433,GSM1890090,Illumina HiSeq 2500,PAIRED,cDNA,TRANSCRIPTOMIC,Mus musculus,ILLUMINA,2016-05-19T00:00:00Z,GSM1890090,AGM,SRP056386
SRR2508842,RNA-Seq,202,380611834,PRJNA279003,SAMN04108546,249748916,T2 pre-HSCs,GEO,public,"fastq,sra","gs,ncbi,s3","gs.US,ncbi.public,s3.us-east-1",SRX1283434,GSM1890091,Illumina HiSeq 2500,PAIRED,cDNA,TRANSCRIPTOMIC,Mus musculus,ILLUMINA,2016-05-19T00:00:00Z,GSM1890091,AGM,SRP056386
SRR2508843,RNA-Seq,202,391559628,PRJNA279003,SAMN04108546,256552340,T2 pre-HSCs,GEO,public,"fastq,sra","gs,ncbi,s3","gs.US,ncbi.public,s3.us-east-1",SRX1283434,GSM1890091,Illumina HiSeq 2500,PAIRED,cDNA,TRANSCRIPTOMIC,Mus musculus,ILLUMINA,2016-05-19T00:00:00Z,GSM1890091,AGM,SRP056386
SRR2508844,RNA-Seq,202,630114558,PRJNA279003,SAMN04108547,409432616,T2 pre-HSCs,GEO,public,"fastq,sra","gs,ncbi,s3","gs.US,ncbi.public,s3.us-east-1",SRX1283435,GSM1890092,Illumina HiSeq 2500,PAIRED,cDNA,TRANSCRIPTOMIC,Mus musculus,ILLUMINA,2016-05-19T00:00:00Z,GSM1890092,AGM,SRP056386
SRR2508845,RNA-Seq,202,646109120,PRJNA279003,SAMN04108547,419282133,T2 pre-HSCs,GEO,public,"fastq,sra","gs,ncbi,s3","gs.US,ncbi.public,s3.us-east-1",SRX1283435,GSM1890092,Illumina HiSeq 2500,PAIRED,cDNA,TRANSCRIPTOMIC,Mus musculus,ILLUMINA,2016-05-19T00:00:00Z,GSM1890092,AGM,SRP056386
SRR2508846,RNA-Seq,202,617349572,PRJNA279003,SAMN04108548,397477129,T2 pre-HSCs,GEO,public,"fastq,sra","gs,ncbi,s3","gs.US,ncbi.public,s3.us-east-1",SRX1283436,GSM1890093,Illumina HiSeq 2500,PAIRED,cDNA,TRANSCRIPTOMIC,Mus musculus,ILLUMINA,2016-05-19T00:00:00Z,GSM1890093,AGM,SRP056386
SRR2508847,RNA-Seq,202,635607544,PRJNA279003,SAMN04108548,408780334,T2 pre-HSCs,GEO,public,"fastq,sra","gs,ncbi,s3","gs.US,ncbi.public,s3.us-east-1",SRX1283436,GSM1890093,Illumina HiSeq 2500,PAIRED,cDNA,TRANSCRIPTOMIC,Mus musculus,ILLUMINA,2016-05-19T00:00:00Z,GSM1890093,AGM,SRP056386
SRR2508848,RNA-Seq,202,412582778,PRJNA279003,SAMN04108549,273867240,T2 pre-HSCs,GEO,public,"fastq,sra","gs,ncbi,s3","gs.US,ncbi.public,s3.us-east-1",SRX1283437,GSM1890094,Illumina HiSeq 2500,PAIRED,cDNA,TRANSCRIPTOMIC,Mus musculus,ILLUMINA,2016-05-19T00:00:00Z,GSM1890094,AGM,SRP056386
SRR2508849,RNA-Seq,202,422658942,PRJNA279003,SAMN04108549,279914437,T2 pre-HSCs,GEO,public,"fastq,sra","gs,ncbi,s3","gs.US,ncbi.public,s3.us-east-1",SRX1283437,GSM1890094,Illumina HiSeq 2500,PAIRED,cDNA,TRANSCRIPTOMIC,Mus musculus,ILLUMINA,2016-05-19T00:00:00Z,GSM1890094,AGM,SRP056386
SRR2508850,RNA-Seq,202,456652916,PRJNA279003,SAMN04108550,290547155,T2 pre-HSCs,GEO,public,"fastq,sra","gs,ncbi,s3","gs.US,ncbi.public,s3.us-east-1",SRX1283438,GSM1890095,Illumina HiSeq 2500,PAIRED,cDNA,TRANSCRIPTOMIC,Mus musculus,ILLUMINA,2016-05-19T00:00:00Z,GSM1890095,AGM,SRP056386
SRR2508851,RNA-Seq,202,465965722,PRJNA279003,SAMN04108550,296008036,T2 pre-HSCs,GEO,public,"fastq,sra","gs,ncbi,s3","gs.US,ncbi.public,s3.us-east-1",SRX1283438,GSM1890095,Illumina HiSeq 2500,PAIRED,cDNA,TRANSCRIPTOMIC,Mus musculus,ILLUMINA,2016-05-19T00:00:00Z,GSM1890095,AGM,SRP056386
SRR2508852,RNA-Seq,202,473954418,PRJNA279003,SAMN04108551,295222902,T2 pre-HSCs,GEO,public,"fastq,sra","gs,ncbi,s3","gs.US,ncbi.public,s3.us-east-1",SRX1283439,GSM1890096,Illumina HiSeq 2500,PAIRED,cDNA,TRANSCRIPTOMIC,Mus musculus,ILLUMINA,2016-05-19T00:00:00Z,GSM1890096,AGM,SRP056386
SRR2508853,RNA-Seq,202,485683750,PRJNA279003,SAMN04108551,302175129,T2 pre-HSCs,GEO,public,"fastq,sra","gs,ncbi,s3","gs.US,ncbi.public,s3.us-east-1",SRX1283439,GSM1890096,Illumina HiSeq 2500,PAIRED,cDNA,TRANSCRIPTOMIC,Mus musculus,ILLUMINA,2016-05-19T00:00:00Z,GSM1890096,AGM,SRP056386
SRR2508854,RNA-Seq,202,487332272,PRJNA279003,SAMN04108552,311989050,T2 pre-HSCs,GEO,public,"fastq,sra","gs,ncbi,s3","gs.US,ncbi.public,s3.us-east-1",SRX1283440,GSM1890097,Illumina HiSeq 2500,PAIRED,cDNA,TRANSCRIPTOMIC,Mus musculus,ILLUMINA,2016-05-19T00:00:00Z,GSM1890097,AGM,SRP056386
SRR2508855,RNA-Seq,202,500608318,PRJNA279003,SAMN04108552,320234537,T2 pre-HSCs,GEO,public,"fastq,sra","gs,ncbi,s3","gs.US,ncbi.public,s3.us-east-1",SRX1283440,GSM1890097,Illumina HiSeq 2500,PAIRED,cDNA,TRANSCRIPTOMIC,Mus musculus,ILLUMINA,2016-05-19T00:00:00Z,GSM1890097,AGM,SRP056386
SRR2508856,RNA-Seq,202,470808672,PRJNA279003,SAMN04108553,295627898,T2 pre-HSCs,GEO,public,"fastq,sra","gs,ncbi,s3","gs.US,ncbi.public,s3.us-east-1",SRX1283441,GSM1890098,Illumina HiSeq 2500,PAIRED,cDNA,TRANSCRIPTOMIC,Mus musculus,ILLUMINA,2016-05-19T00:00:00Z,GSM1890098,AGM,SRP056386
SRR2508857,RNA-Seq,202,481050072,PRJNA279003,SAMN04108553,301451541,T2 pre-HSCs,GEO,public,"fastq,sra","gs,ncbi,s3","gs.US,ncbi.public,s3.us-east-1",SRX1283441,GSM1890098,Illumina HiSeq 2500,PAIRED,cDNA,TRANSCRIPTOMIC,Mus musculus,ILLUMINA,2016-05-19T00:00:00Z,GSM1890098,AGM,SRP056386
SRR2508858,RNA-Seq,202,396569026,PRJNA279003,SAMN04108554,257473893,T2 pre-HSCs,GEO,public,"fastq,sra","gs,ncbi,s3","gs.US,ncbi.public,s3.us-east-1",SRX1283442,GSM1890099,Illumina HiSeq 2500,PAIRED,cDNA,TRANSCRIPTOMIC,Mus musculus,ILLUMINA,2016-05-19T00:00:00Z,GSM1890099,AGM,SRP056386
SRR2508859,RNA-Seq,202,406044038,PRJNA279003,SAMN04108554,263089028,T2 pre-HSCs,GEO,public,"fastq,sra","gs,ncbi,s3","gs.US,ncbi.public,s3.us-east-1",SRX1283442,GSM1890099,Illumina HiSeq 2500,PAIRED,cDNA,TRANSCRIPTOMIC,Mus musculus,ILLUMINA,2016-05-19T00:00:00Z,GSM1890099,AGM,SRP056386
SRR2508860,RNA-Seq,202,431907310,PRJNA279003,SAMN04108555,277726134,T2 pre-HSCs,GEO,public,"fastq,sra","gs,ncbi,s3","gs.US,ncbi.public,s3.us-east-1",SRX1283443,GSM1890100,Illumina HiSeq 2500,PAIRED,cDNA,TRANSCRIPTOMIC,Mus musculus,ILLUMINA,2016-05-19T00:00:00Z,GSM1890100,AGM,SRP056386
SRR2508861,RNA-Seq,202,444208302,PRJNA279003,SAMN04108555,285338141,T2 pre-HSCs,GEO,public,"fastq,sra","gs,ncbi,s3","gs.US,ncbi.public,s3.us-east-1",SRX1283443,GSM1890100,Illumina HiSeq 2500,PAIRED,cDNA,TRANSCRIPTOMIC,Mus musculus,ILLUMINA,2016-05-19T00:00:00Z,GSM1890100,AGM,SRP056386
SRR2508862,RNA-Seq,202,605945662,PRJNA279003,SAMN04108556,392228301,T2 pre-HSCs,GEO,public,"fastq,sra","gs,ncbi,s3","gs.US,ncbi.public,s3.us-east-1",SRX1283444,GSM1890101,Illumina HiSeq 2500,PAIRED,cDNA,TRANSCRIPTOMIC,Mus musculus,ILLUMINA,2016-05-19T00:00:00Z,GSM1890101,AGM,SRP056386
SRR2508863,RNA-Seq,202,618033948,PRJNA279003,SAMN04108556,399300841,T2 pre-HSCs,GEO,public,"fastq,sra","gs,ncbi,s3","gs.US,ncbi.public,s3.us-east-1",SRX1283444,GSM1890101,Illumina HiSeq 2500,PAIRED,cDNA,TRANSCRIPTOMIC,Mus musculus,ILLUMINA,2016-05-19T00:00:00Z,GSM1890101,AGM,SRP056386
SRR2508864,RNA-Seq,202,549626446,PRJNA279003,SAMN04108557,357680545,T2 pre-HSCs,GEO,public,"fastq,sra","gs,ncbi,s3","gs.US,ncbi.public,s3.us-east-1",SRX1283445,GSM1890102,Illumina HiSeq 2500,PAIRED,cDNA,TRANSCRIPTOMIC,Mus musculus,ILLUMINA,2016-05-19T00:00:00Z,GSM1890102,AGM,SRP056386
SRR2508865,RNA-Seq,202,565400020,PRJNA279003,SAMN04108557,369888895,T2 pre-HSCs,GEO,public,"fastq,sra","gs,ncbi,s3","gs.US,ncbi.public,s3.us-east-1",SRX1283445,GSM1890102,Illumina HiSeq 2500,PAIRED,cDNA,TRANSCRIPTOMIC,Mus musculus,ILLUMINA,2016-05-19T00:00:00Z,GSM1890102,AGM,SRP056386
SRR2508866,RNA-Seq,202,323009514,PRJNA279003,SAMN04108558,213744703,T2 pre-HSCs,GEO,public,"fastq,sra","gs,ncbi,s3","gs.US,ncbi.public,s3.us-east-1",SRX1283446,GSM1890103,Illumina HiSeq 2500,PAIRED,cDNA,TRANSCRIPTOMIC,Mus musculus,ILLUMINA,2016-05-19T00:00:00Z,GSM1890103,AGM,SRP056386
SRR2508867,RNA-Seq,202,333193950,PRJNA279003,SAMN04108558,221419203,T2 pre-HSCs,GEO,public,"fastq,sra","gs,ncbi,s3","gs.US,ncbi.public,s3.us-east-1",SRX1283446,GSM1890103,Illumina HiSeq 2500,PAIRED,cDNA,TRANSCRIPTOMIC,Mus musculus,ILLUMINA,2016-05-19T00:00:00Z,GSM1890103,AGM,SRP056386
SRR2508868,RNA-Seq,202,357818760,PRJNA279003,SAMN04108559,230291561,T2 pre-HSCs,GEO,public,"fastq,sra","gs,ncbi,s3","gs.US,ncbi.public,s3.us-east-1",SRX1283447,GSM1890104,Illumina HiSeq 2500,PAIRED,cDNA,TRANSCRIPTOMIC,Mus musculus,ILLUMINA,2016-05-19T00:00:00Z,GSM1890104,AGM,SRP056386
SRR2508869,RNA-Seq,202,368273674,PRJNA279003,SAMN04108559,238117509,T2 pre-HSCs,GEO,public,"fastq,sra","gs,ncbi,s3","gs.US,ncbi.public,s3.us-east-1",SRX1283447,GSM1890104,Illumina HiSeq 2500,PAIRED,cDNA,TRANSCRIPTOMIC,Mus musculus,ILLUMINA,2016-05-19T00:00:00Z,GSM1890104,AGM,SRP056386
SRR2508870,RNA-Seq,202,316962240,PRJNA279003,SAMN04108560,205328054,T2 pre-HSCs,GEO,public,"fastq,sra","gs,ncbi,s3","gs.US,ncbi.public,s3.us-east-1",SRX1283448,GSM1890105,Illumina HiSeq 2500,PAIRED,cDNA,TRANSCRIPTOMIC,Mus musculus,ILLUMINA,2016-05-19T00:00:00Z,GSM1890105,AGM,SRP056386
SRR2508871,RNA-Seq,202,327079410,PRJNA279003,SAMN04108560,212932399,T2 pre-HSCs,GEO,public,"fastq,sra","gs,ncbi,s3","gs.US,ncbi.public,s3.us-east-1",SRX1283448,GSM1890105,Illumina HiSeq 2500,PAIRED,cDNA,TRANSCRIPTOMIC,Mus musculus,ILLUMINA,2016-05-19T00:00:00Z,GSM1890105,AGM,SRP056386